movie_code,movie_name,time,year,nation,director,company,grade,genre1,genre2,genre3,actor1,actor2,actor3
20030410,실미도,135,20031224,한국,강우석,(주)시네마서비스,15세관람가,전쟁,,,설경구,안성기,허준호
20030316,반지의 제왕 : 왕의 귀환,262,20031217,미국,피터 잭슨,씨제이엔터테인먼트,12세관람가,판타지,어드벤처,,비고 모텐슨,일라이저 우드,리브 타일러
20030420,동해물과 백두산이,104,20031231,한국,안진우,(주)영화사샘,15세관람가,코미디,,,정준호,공형진,류현경
20030404,러브 액츄얼리,130,20031205,미국,리차드 커티스,(주)제이앤씨미디어그룹,15세관람가,멜로/로맨스,드라마,코미디,휴 그랜트,콜린 퍼스,알란 릭맨
20030426,더 캣,85,20031231,미국,보 웰치,씨제이엔터테인먼트,전체관람가,판타지,어드벤처,,마이크 마이어스,알렉 볼드윈,
20030350,올드보이,120,20031121,한국,박찬욱,(주)에그필름,18세관람가,스릴러,,,최민식,유지태,강혜정
20030408,해피 에로 크리스마스,110,20031217,한국,이건동,(주)튜브엔터테인먼트,15세관람가,드라마,,,김선아,차태현,박영규
20040481,어린 신부,114,20040402,한국,김호준,(주)컬처캡미디어,12세관람가,코미디,,,김래원,김보경,안선영
20040525,패션 오브 크라이스트,126,20040402,미국,멜 깁슨,아이콘프로덕션,15세관람가,드라마,,,제임스 카비젤,모니카 벨루치,마이아 모겐스턴
20040482,맹부삼천지교,117,20040326,한국,김지영,코리아 엔터테인먼트,15세관람가,코미디,,,손창민,조재현,소이현
20030371,태극기 휘날리며,148,20040205,한국,강제규,강제규필름,15세관람가,전쟁,드라마,,장동건,원빈,이은주
20040486,마지막 늑대,97,20040401,한국,구자홍,제네시스픽쳐스(주),15세관람가,코미디,,,황정민,양동근,김경란
20040496,아홉살 인생,105,20040326,한국,윤인호,(주)황기성 사단,전체관람가,드라마,,,김석,최성,이세영
20040522,폴리와 함께,89,20040402,미국,존 햄버그,UIP코리아,15세관람가,멜로/로맨스,,,제니퍼 애니스턴,벤 스틸러,필립 세이모어 호프만
20040528,고티카,95,20040402,미국,마티유 카소비츠,다크 캐슬 엔터테인먼트,15세관람가,공포(호러),,,할리 베리,로버트 다우니 주니어,페넬로페 크루즈
20040471,어디선가 누군가에 무슨일이 생기면 틀림없이 나타난다 홍반장,108,20040312,한국,강석범,㈜제니스엔터테인먼트,12세관람가,코미디,,,김주혁,엄정화,김가연
20040506,허니,94,20040326,미국,빌 우드러프,유니버셜 픽쳐스,15세관람가,드라마,,,릴 로메오,제시카 알바,메키 파이퍼
20040491,스파이더맨 2,126,20040630,미국,샘 레이미,콜럼비아트라이스타,12세관람가,SF,,,토비 맥과이어,커스틴 던스트,
20040566,슈렉2,92,20040618,미국,캘리 애스버리,드림웍스픽쳐스,전체관람가,애니메이션,,,마이크 마이어스,카메론 디아즈,에디 머피
20040515,인어 공주,110,20040630,한국,박흥식,나우필름(주),전체관람가,드라마,,,전도연,박해일,고두심
20040583,아는 여자,107,20040625,한국,장진,필름있수다,15세관람가,드라마,,,이나영,정재영,이민정
20040490,투모로우,123,20040603,미국,롤랜드 에머리히,센트로폴리스 엔터테인먼트,12세관람가,SF,,,데니스 퀘이드,제이크 질렌할,이안 홈
20040571,령,98,20040617,한국,김태경,㈜팝콘필름,12세관람가,공포(호러),,,김하늘,신이,류진
20040559,나두야 간다,105,20040625,한국,정연원,화이트리시네마,15세관람가,코미디,,,권용운,안관수,손창민
20040555,트로이,136,20040521,미국,볼프강 페터젠,플랜 비 엔터테인먼트,15세관람가,사극,,,다이앤 크루거,올랜도 블룸,에릭 바나
20040579,블러디 선데이,110,20040618,영국,폴 그린그래스,보드스캐넌에이린,12세관람가,드라마,,,팀 피곳 스미스,제임스 네스빗,
20040568,내 여자친구를 소개합니다,118,20040603,한국,곽재용,(주)아이필름홀딩스,15세관람가,멜로/로맨스,드라마,,전지현,장혁,김정태
20040649,귀신이 산다,123,20040917,한국,김상진,(주)시네마서비스,12세관람가,코미디,공포(호러),판타지,김응수,장서희,차승원
20040651,꽃피는 봄이 오면,128,20040923,한국,류장하,(주)씨즈엔터테인먼트,12세관람가,드라마,,,최민식,장신영,김호정
20040554,가족,95,20040903,한국,이정철,튜브픽쳐스(주),15세관람가,드라마,,,수애,주현,박지빈
20040619,슈퍼스타 감사용,115,20040917,한국,김종현,(주)싸이더스,전체관람가,드라마,,,이범수,공유,윤진서
20040650,빌리지,108,20040924,미국,M. 나이트 샤말란,터치스톤 픽처스,12세관람가,공포(호러),,,호아킨 피닉스,브라이스 달라스 하워드,
20040670,맨 온 파이어,147,20040924,미국,토니 스콧,폭스2000픽처스,15세관람가,액션,,,덴젤 워싱턴,다코타 패닝,
20040642,80일간의 세계 일주,90,20040917,미국,프랑코 코라시,(주)쇼박스,,코미디,드라마,어드벤처,성룡,세실 드 프랑스,
20040640,연인,119,20040910,중국,장예모,에드코필름,12세관람가,멜로/로맨스,액션,,금성무,유덕화,장쯔이
20040676,스텝포드 와이프,93,20041001,미국,프랭크 오즈,스캇 루딘 프로덕션,15세관람가,코미디,,,니콜 키드먼,매튜 브로데릭,베트 미들러
20040669,캣우먼,105,20040924,미국,피토프,워너브러더스사㈜,12세관람가,액션,,,할리 베리,벤자민 브랫,
20040706,알렉산더,175,20041231,미국,올리버 스톤,워너브러더스사㈜,15세관람가,전쟁,드라마,,콜린 파렐,안젤리나 졸리,발 킬머
20040756,하울의 움직이는 성,119,20041223,일본,미야자키 하야오,지브리 스튜디오,전체관람가,애니메이션,,,바이쇼 치에코,기무라 다쿠야,
20040755,내셔널 트레져,130,20041231,미국,존 터틀타웁,터치스톤 픽처스,12세관람가,액션,,,다이앤 크루거,니콜라스 케이지,
20040750,신석기 블루스,110,20041230,한국,김도혁,㈜팝콘필름,15세관람가,코미디,,,김현주,이종혁,이민아
20040745,인크레더블,115,20041215,미국,브래드 버드,월트 디즈니 픽쳐스,전체관람가,애니메이션,,,홀리 헌터,크레이그 T. 넬슨,사무엘 L. 잭슨
20040721,오페라의 유령,141,20041208,미국,조엘 슈마허,워너 브러더스 픽쳐스,12세관람가,뮤지컬,드라마,,제라드 버틀러,에미 로섬,패트릭 윌슨
20040748,폴라 익스프레스,100,20041223,미국,로버트 저메키스,캐슬 락 엔터테인먼트,전체관람가,애니메이션,,,톰 행크스,노나 M. 게이,
20040682,역도산,137,20041215,한국,송해성,(주)싸이더스,12세관람가,드라마,,,설경구,이명수,유병훈
20040743,브리짓 존스의 일기2 : 열정과 애정,107,20041208,영국,비번 키드론,워킹 타이틀 필름,15세관람가,멜로/로맨스,드라마,,르네 젤위거,휴 그랜트,린 콜린스
20040717,블레이드 3,112,20041215,미국,데이빗 S. 고이어,뉴라인 시네마,18세관람가,액션,,,웨슬리 스나입스,라이언 레이놀즈,
20050049,주먹이 운다(Crying Fist),134,20050401,한국,류승완,(주)브라보엔터테인먼트,15세관람가,드라마,,,최민식,류승범,임원희
20050017,달콤한 인생,120,20050401,한국,김지운,(주)영화사봄,18세관람가,액션,,,이병헌,김영철,신민아
20040778,마파도,107,20050310,한국,추창민,코리아 엔터테인먼트,15세관람가,코미디,,,김수미,여운계,이정진
20050013,잠복근무,111,20050317,한국,박광춘,(주)마인엔터테인먼트 ,15세관람가,코미디,액션,,김원진,공유,김선아
20050048,미스 에이전트2 : 라스베가스 잠입사건,115,20050401,미국,존 파스킨,캐슬 락 엔터테인먼트,12세관람가,액션,코미디,,산드라 블록,레지나 킹,디트리히 베이더
20050028,밀리언 달러 베이비,132,20050310,미국,클린트 이스트우드,워너 브러더스 픽쳐스,12세이상관람가,드라마,,,힐러리 스웽크,클린트 이스트우드,
20050042,"지금, 만나러 갑니다",118,20050325,일본,도이 노부히로,도호쿠신샤,12세관람가,드라마,멜로/로맨스,판타지,다케우치 유코,나카무라 시도,
20050039,유희왕,86,20100128,일본,츠지 하츠키,포키즈엔터테인먼트,전체관람가,애니메이션,액션,어드벤처,마이크 폴락,웨인 그레이슨,에릭 스튜어트
20050033,Mr.히치: 당신을 위한 데이트 코치,118,20050311,미국,앤디 테넌트,오버브룩 엔터테인먼트,12세관람가,멜로/로맨스,코미디,,윌 스미스,에바 멘데스,
20050037,호스티지,113,20050318,미국,플로렝 에밀리오 시리,미라맥스 필름즈,15세관람가,스릴러,,,케빈 폴락,브루스 윌리스,
20050113,미스터 & 미세스 스미스,120,20050616,미국,더그 라이만,뉴리전시 픽쳐스,15세관람가,멜로/로맨스,액션,어드벤처,안젤리나 졸리,브래드 피트,빈스 본
20050135,분홍신,103,20050630,한국,김용균,청년필름(주),15세관람가,공포(호러),,,김혜수,김성수,박연아
20050112,배트맨 비긴즈,134,20050624,미국,크리스토퍼 놀란,워너 브러더스 픽쳐스,12세관람가,범죄,액션,판타지,리암 니슨,크리스찬 베일,마이클 케인
20050084,씬 시티,125,20050630,미국,프랭크 밀러,디멘션 필름즈,18세관람가,범죄,스릴러,액션,미키 루크,제시카 알바,브루스 윌리스
20050129,셔터,97,20050630,태국,팍품 웡품,GMM픽처스,15세관람가,공포(호러),,,나타웨라누크 통미,아난다 에버링엄,
20050110,연애의 목적,121,20050610,한국,한재림,(주)싸이더스,18세관람가,드라마,코미디,멜로/로맨스,강혜정,박해일,이대연
20050115,사하라,127,20050624,미국,브렉 에이즈너,브리스톨베이프로덕션즈,12세관람가,액션,어드벤처,,페넬로페 크루즈,매튜 매커너히,매튜 매커너히
20050064,간 큰 가족,102,20050609,한국,조명남,(주)두사부필름,12세관람가,코미디,,,감우성,김수미,김수로
20050131,아미티빌 호러,89,20050701,미국,앤드류 더글라스,디멘션 필름즈,15세관람가,공포(호러),,,멜리사 조지,라이언 레이놀즈,
20050123,에로스,108,20050630,미국,왕가위,판당고,18세관람가,드라마,멜로/로맨스,,공리,장첸,로버트 다우니 주니어
20050239,너는 내 운명,121,20050923,한국,박진표,(주)영화사봄,18세관람가,멜로/로맨스,,,전도연,황정민,나문희
20050219,가문의 위기(가문의 영광2),115,20050907,한국,정용기,(주)태원엔터테인먼트,15세관람가,코미디,,,신현준,김수미,김원희
20050233,강력 3반,111,20050929,한국,손희창,(주)씨네넷,15세관람가,액션,,,김민준,허준호,남상미
20050237,미스터 주부퀴즈왕,107,20050930,한국,유선동,폴스타엔터테인먼트,12세관람가,코미디,,,공형진,김영애,한석규
20050225,찰리와 초콜릿 공장,114,20050916,미국,팀 버튼,빌리지 로드쇼 픽쳐스,전체관람가,코미디,가족,판타지,프레디 하이모어,조니 뎁,
20050238,칠검,118,20050929,홍콩,서극,중국전영합작제편공사,15세관람가,액션,,,견자단,여명,양채니
20050180,웰컴 투 동막골,133,20050804,한국,박광현,필름있수다,12세관람가,전쟁,드라마,,신하균,정재영,강혜정
20050245,사랑니,115,20050929,한국,정지우,(주)시네마서비스,15세관람가,멜로/로맨스,,,김정은,이태성,정유미
20050228,보글보글 스폰지밥,87,20050930,미국,스티븐 힐렌버그,니켈로던 무비즈,전체관람가,애니메이션,코미디,,톰 케니,,
20050222,신데렐라맨,144,20050915,미국,론 하워드,터치스톤 픽쳐스,전체관람가,드라마,,,르네 젤위거,러셀 크로우,
20050333,왕의 남자,119,20051229,한국,이준익,(주)씨네월드,15세이상관람가,드라마,,,감우성,이준기,유해진
20050338,"나니아 연대기-사자,마녀 그리고 옷장",139,20051229,미국,앤드류 아담슨,월트 디즈니 픽쳐스,전체관람가,가족,어드벤처,판타지,조지 헨리,스캔더 킨즈,
20050324,킹콩,186,20051214,미국,피터 잭슨,유니버셜 픽쳐스,15세관람가,드라마,어드벤처,,잭 블랙,애드리언 브로디,나오미 왓츠
20050326,태풍,125,20051214,한국,곽경택,씨제이엔터테인먼트,15세관람가,드라마,액션,,김혜정,김원진,이정재
20050330,작업의 정석,100,20051221,한국,오기환,영화사청어람(주),15세관람가,코미디,,,손예진,송일국,김애경
20050342,청연,133,20051229,한국,윤종찬,코리아픽쳐스(주),12세관람가,드라마,,,장진영,김주혁,김응수
20050310,해리포터와 불의 잔,156,20051201,미국,마이크 뉴웰,워너 브러더스 픽쳐스,전체관람가,판타지,,,다니엘 래드클리프,엠마 왓슨,루퍼트 그린트
20050332,파랑주의보,95,20051222,한국,전윤수,(주)아이필름홀딩스,12세관람가,드라마,,,송혜교,차태현,김신영
20050341,빅 화이트,104,20051229,미국,마크 미로드,씨제이엔터테인먼트,15세관람가,코미디,드라마,범죄,로빈 윌리엄스,홀리 헌터,우디 해럴슨
20060051,청춘만화,116,20060323,한국,이한,㈜팝콘필름,12세관람가,코미디,멜로/로맨스,,권상우,김하늘,이상우
20060057,뻔뻔한 딕&제인,90,20060330,미국,딘 패리소트,소니 픽쳐스 엔터테인먼트,12세관람가,코미디,범죄,,짐 캐리,테이어 레오니,
20060056,원초적 본능 2,113,20060330,미국,마이클 카튼-존스,C-2 픽쳐스,18세관람가,스릴러,,,샤론 스톤,데이비드 모리시,
20060033,오만과 편견,128,20060324,미국,조 라이트,워킹 타이틀 필름,12세관람가,멜로/로맨스,드라마,,키이라 나이틀리,매튜 맥퍼딘,
20060046,방과후 옥상,103,20060316,한국,이석훈,씨네온엔터테인먼트(주),15세관람가,코미디,,,봉태규,진태현,최은주
20060050,무인 곽원갑,105,20060323,중국,우인태,베이징 필름 스튜디오,12세관람가,액션,,,이연걸,나카무라 시도,
20050308,카리스마 탈출기,100,20060330,한국,권남기,태창엔터테인먼트(주),15세관람가,코미디,,,안재모,윤은혜,박슬기
20060067,시리아나,127,20060330,미국,스티븐 개건,워너 브러더스 픽쳐스,15세관람가,스릴러,드라마,,조지 클루니,맷 데이먼,
20060064,나나,114,20060330,일본,오타니 겐타로,티비에스,12세관람가,드라마,,,미야자키 아오이,,
20060048,브이 포 벤데타,132,20060316,미국,제임스 맥티그,실버 픽쳐스,15세관람가,액션,,,휴고 위빙,,
20060148,수퍼맨 리턴즈,153,20060628,미국,브라이언 싱어,워너 브러더스 픽쳐스,전체관람가,SF,액션,판타지,브랜든 루스,케빈 스페이시,
20060157,아랑,97,20060628,한국,안상훈,㈜더드림앤드픽쳐스,15세관람가,공포(호러),,,송윤아,이동욱,김정우
20060137,비열한 거리,141,20060615,한국,유하,(주)싸이더스,18세관람가,액션,범죄,드라마,조인성,천호진,김원진
20060136,엑스맨 : 최후의 전쟁,103,20060615,미국,브렛 래트너,이십세기폭스필름코퍼레이션,12세관람가,SF,액션,,휴 잭맨,할리 베리,이안 맥켈런
20060156,럭키 넘버 슬레븐,105,20060622,미국,폴 맥기건,롯데쇼핑㈜롯데엔터테인먼트,18세관람가,스릴러,범죄,,조쉬 하트넷,브루스 윌리스,
20060138,강적,118,20060622,한국,조민호,(주)미로비젼,15세관람가,액션,드라마,,박중훈,천정명,강민수
20050313,아치와 씨팍,90,20060628,한국,조범진,제이팀스튜디오(주),18세관람가,애니메이션,코미디,액션,류승범,임창정,최준영
20060164,착신아리 파이널,103,20060622,일본,아소 마나부,씨제이엔터테인먼트,15세관람가,공포(호러),,,호리키타 마키,구로키 메이사,장근석
20060139,하프 라이트,105,20060628,미국,크레이그 로젠버그,레이크쇼어 엔터테인먼트,15세관람가,스릴러,,,데미 무어,한스 매디슨,
20060129,포세이돈,98,20060531,미국,볼프강 페터젠,워너 브러더스 픽쳐스,12세관람가,액션,드라마,스릴러,커트 러셀,조쉬 루카스,
20060277,타짜,139,20060928,한국,최동훈,(주)영화사참,18세관람가,드라마,,,조승우,김혜수,백윤식
20060257,가문의 부활 - 가문의 영광3,128,20060921,한국,정용기,(주)태원엔터테인먼트,15세관람가,코미디,,,신현준,김원희,김수미
20060244,우리들의 행복한 시간,120,20060914,한국,송해성,(주)엘제이필름,15세관람가,드라마,,,강동원,이나영,윤여정
20060284,라디오 스타,115,20060928,한국,이준익,(주)영화사아침,12세관람가,드라마,,,박중훈,안성기,김현아
20060259,BB프로젝트,108,20060928,홍콩,진목승,브에나비스타인터내셔널코리아,12세관람가,액션,,,성룡,고천락,
20060291,잘 살아보세,120,20060928,한국,안진우,(주)굿플레이어,12세관람가,코미디,,,김정은,이범수,이창환
20060237,앤트 불리,88,20060928,미국,존 A. 데이비스,워너 브러더스 픽쳐스,전체관람가,애니메이션,코미디,,줄리아 로버츠,니콜라스 케이지,
20060272,구미호 가족,102,20060928,한국,이형곤,(주)엠케이픽처스 ,15세관람가,코미디,뮤지컬,판타지,주현,최경원,박준규
20060258,야연,112,20060921,중국,펑샤오강,롯데쇼핑㈜롯데엔터테인먼트,15세관람가,사극,멜로/로맨스,,장쯔이,갈우,오언조
20060250,귀향,120,20060921,스페인,페드로 알모도바르,까날 플러스,15세관람가,드라마,판타지,,페넬로페 크루즈,카르멘 마우라,
20060319,박물관이 살아있다!,108,20061221,미국,숀 레비,이십세기폭스필름코퍼레이션,전체관람가,코미디,어드벤처,,벤 스틸러,로빈 윌리엄스,
20060387,미녀는 괴로워,120,20061214,한국,김용화,리얼라이즈픽쳐스(주),12세이상관람가,멜로/로맨스,코미디,,김아중,주진모,김현숙
20060357,조폭마누라3,115,20061228,한국,조진규,(주)쇼박스,15세이상관람가,액션,코미디,,최령,이범수,서기
20060370,중천,102,20061221,한국,조동오,(주)나비픽처스,12세이상관람가,액션,드라마,판타지,정우성,김태희,정욱
20060358,007 카지노 로얄,145,20061221,미국,마틴 캠벨,한국소니픽쳐스릴리징브에나비스타영화㈜,15세이상관람가,액션,,,다니엘 크레이그,,
20060396,올드미스다이어리,108,20061221,한국,김석윤,(주)싸이더스,12세이상관람가,코미디,,,예지원,최찬숙,지현우
20060318,해피 피트,108,20061221,미국,조지 밀러,빌리지 로드쇼 픽쳐스,전체관람가,애니메이션,코미디,,로빈 윌리엄스,,
20060348,로맨틱 홀리데이,135,20061214,미국,낸시 마이어스,UIP코리아,15세이상관람가,코미디,멜로/로맨스,,카메론 디아즈,케이트 윈슬렛,
20060365,수면의 과학,106,20061221,프랑스,미셸 공드리,퍼티잔,15세이상관람가,코미디,판타지,,가엘 가르시아 베르날,샤를로뜨 갱스부르,
20060392,미스 리틀 선샤인,102,20061221,미국,조나단 데이턴,빅비치필름즈,15세이상관람가,코미디,드라마,,그렉 키니어,토니 콜렛,
20070084,이장과 군수,113,20070329,한국,장규성,(주)싸이더스,12세이상관람가,코미디,,,차승원,유해진,김응수
20070033,300,116,20070314,미국,잭 스나이더,워너 브러더스 픽쳐스,청소년관람불가,액션,,,제라드 버틀러,레나 헤디,
20070083,향수 : 어느 살인자의 이야기,146,20070322,영국,톰 티크베어,(주)누리픽쳐스,15세이상관람가,드라마,스릴러,,벤 위쇼,더스틴 호프만,
20070071,넘버23,98,20070322,미국,조엘 슈마허,뉴라인 시네마,15세이상관람가,스릴러,,,짐 캐리,버지니아 매드슨,
20070047,뷰티풀 선데이,117,20070329,한국,진광교,시네라인투(주),청소년관람불가,스릴러,,,박용우,남궁민,김응수
20070029,블랙북,134,20070329,네덜란드,폴 버호벤,(주)프라임엔터테인먼트,청소년관람불가,드라마,스릴러,전쟁,세바스티안 코치,캐리스 밴 허슨,
20060282,브레이크 업 : 이별후애(愛),105,20070322,미국,페이튼 리드,유니버셜 픽쳐스,15세관람가,코미디,멜로/로맨스,,제니퍼 애니스턴,빈스 본,
20070034,그 여자 작사 그 남자 작곡,103,20070228,미국,마크 로렌스,캐슬 락 엔터테인먼트,12세이상관람가,멜로/로맨스,드라마,,휴 그랜트,드류 베리모어,
20070102,빼꼼의 머그잔 여행,76,20070322,한국,임아론,(합)알지애니메이션스튜디오,전체관람가,드라마,어드벤처,,이선,박상호,김태균
20070066,수,122,20070322,한국,최양일,(주)트리쯔클럽 ,청소년관람불가,액션,,,지진희,강성연,최정우
20070061,트랜스포머,135,20070628,미국,마이클 베이,드림웍스픽쳐스,12세이상관람가,SF,액션,어드벤처,샤이아 라보프,메간 폭스,
20070205,검은 집,103,20070621,한국,신태라,씨제이엔터테인먼트,청소년관람불가,스릴러,미스터리,공포(호러),김혜정,황정민,유선
20070116,슈렉3,92,20070606,미국,크리스 밀러,드림웍스 애니메이션,전체관람가,애니메이션,코미디,어드벤처,카메론 디아즈,마이크 마이어스,
20070058,오션스 써틴,121,20070614,미국,스티븐 소더버그,워너브러더스 코리아(주),12세이상관람가,범죄,드라마,코미디,조지 클루니,브래드 피트,맷 데이먼
20070057,캐리비안의 해적: 세상의 끝에서,168,20070523,미국,고어 버빈스키,제리 브룩하이머 필름,12세이상관람가,액션,코미디,어드벤처,조니 뎁,올랜도 블룸,
20070198,4.4.4,94,20070620,미국,롤랑 조페,(주)쇼박스,청소년관람불가,범죄,공포(호러),스릴러,엘리샤 커스버트,다니엘 길리스,
20070128,황진이,141,20070606,한국,장윤현,(주)씨네이천,15세이상관람가,드라마,멜로/로맨스,,송혜교,유지태,류승룡
20070115,밀양,141,20070523,한국,이창동,파인하우스필름(주),15세이상관람가,드라마,,,전도연,송강호,조영진
20060263,씨노이블,84,20070628,미국,그레고리 다크,(주)미로비젼,청소년관람불가,공포(호러),,,케인,크리스티나 비달,
20070206,두 번째 사랑,104,20070621,한국,김진아,나우필름(주),청소년관람불가,드라마,멜로/로맨스,,하정우,파미가 베라,데이비드 맥기니스
20070441,사랑,104,20070919,한국,곽경택,(주)진인사필름,15세이상관람가,멜로/로맨스,액션,,주진모,박시연,김민준
20070422,본 얼티메이텀,115,20070912,미국,폴 그린그래스,유니버셜 픽쳐스,12세이상관람가,액션,스릴러,미스터리,맷 데이먼,줄리아 스타일즈,
20070421,권순분여사 납치사건,120,20070912,한국,김상진,(주)어나더썬데이,15세이상관람가,코미디,,,김서현,강성진,유해진
20070380,즐거운 인생,112,20070913,한국,이준익,(주)영화사아침,전체관람가,드라마,,,김상호,김윤석,주진모
20070383,상사부일체,110,20070919,한국,심승보,(주)두손시네마,15세이상관람가,코미디,액션,,손창민,박상면,김성민
20070424,인베이젼,93,20070920,미국,올리버 히르비겔,빌리지 로드쇼 픽쳐스,15세이상관람가,SF,공포(호러),스릴러,니콜 키드먼,다니엘 크레이그,
20070379,두 얼굴의 여친,117,20070913,한국,이석훈,(주)화인웍스,15세이상관람가,멜로/로맨스,코미디,,봉태규,정려원,진태현
20070381,마이 파더,105,20070906,한국,황동혁,시네라인투(주),15세이상관람가,드라마,가족,,김영철,다니엘 헤니,안석환
20070454,원스,86,20070920,아일랜드,존 카니,(주)제이앤씨미디어그룹,전체관람가,드라마,,,글렌 하사드,마르케타 이글로바,
20070358,어머니는 죽지 않는다,93,20070912,한국,하명중,HMJ필름,12세이상관람가,가족,드라마,,조영민,하명중,노민우
20070551,황금 나침반,113,20071218,미국,크리스 웨이츠,뉴라인 시네마,전체관람가,판타지,드라마,액션,다니엘 크레이그,니콜 키드먼,
20070549,내셔널 트레져:비밀의 책,124,20071219,미국,존 터틀타웁,제리 브룩하이머 필름,12세이상관람가,액션,어드벤처,,니콜라스 케이지,존 보이트,다이앤 크루거
20070661,기다리다 미쳐,108,20080101,한국,류승진,블루버스 픽쳐스,15세이상관람가,멜로/로맨스,,,손태영,장근석,데니 안/ 안신원
20070637,색즉시공 시즌2,112,20071212,한국,윤태윤,(주)두사부필름,청소년관람불가,코미디,,,임창정,송지효,최성국
20070586,마고리엄의 장난감 백화점,93,20071224,미국,자크 헬름,㈜스튜디오이쩜영,전체관람가,가족,코미디,판타지,나탈리 포트만,더스틴 호프만,
20071003,P.S. 아이 러브 유,125,20080103,미국,리차드 라그라브네스,(주)쇼박스,15세이상관람가,멜로/로맨스,드라마,,힐러리 스웽크,제라드 버틀러,
20070550,나는 전설이다,97,20071212,미국,프란시스 로렌스,워너 브러더스 픽쳐스,12세이상관람가,SF,드라마,액션,윌 스미스,알리스 브라가,
20070562,앨빈과 슈퍼밴드,91,20071219,미국,팀 힐,이십세기폭스필름코퍼레이션,전체관람가,코미디,가족,애니메이션,저스틴 롱,제시 맥카트니,제이슨 리
20070585,어거스트 러쉬,113,20071129,미국,커스틴 쉐리단,사우스포우 엔터테인먼트,전체관람가,드라마,,,프레디 하이모어,조나단 리스 마이어스,케리 러셀
20070642,아메리칸 갱스터,156,20071227,미국,리들리 스콧,유니버셜 픽쳐스,청소년관람불가,범죄,드라마,,덴젤 워싱턴,러셀 크로우,
20080254,어웨이크,84,20080327,미국,조비 해롤드,(주)프라임엔터테인먼트,15세이상관람가,스릴러,드라마,,헤이든 크리스텐슨,제시카 알바,
20080046,추격자,123,20080214,한국,나홍진,(주)영화사비단길,청소년관람불가,범죄,스릴러,액션,김윤석,하정우,서영희
20080230,천일의 스캔들,115,20080320,미국,저스틴 채드윅,유니버설픽쳐스인터내셔널 코리아(유),15세이상관람가,사극,멜로/로맨스,,나탈리 포트만,스칼렛 요한슨,에릭 바나
20080226,숙명,123,20080320,한국,김해곤,엠케이디케이,청소년관람불가,드라마,액션,,송승헌,권상우,김인권
20080149,스텝업 2 : 더 스트리트,97,20080313,미국,존 추,㈜스튜디오이쩜영,12세이상관람가,멜로/로맨스,드라마,,선자 손,윌 켐프,브리아나 에비건
20080258,댄 인 러브,98,20080327,미국,피터 헤지스,씨제이엔터테인먼트,12세이상관람가,코미디,드라마,멜로/로맨스,줄리엣 비노쉬,스티브 카렐,
20080148,"10,000 BC",109,20080313,미국,롤랜드 에머리히,워너브러더스 코리아(주),15세이상관람가,어드벤처,드라마,,스티븐 스트레이트,카밀라 벨,
20080252,데스 디파잉:어느 마술사의 사랑,96,20080327,영국,질리안 암스트롱,롯데쇼핑㈜롯데엔터테인먼트,15세이상관람가,드라마,멜로/로맨스,스릴러,캐서린 제타-존스,가이 피어스,
20080228,어메이징 그레이스,118,20080320,미국,마이클 앱티드,이십세기폭스코리아(주),전체관람가,사극,드라마,,이안 그루퍼드,로몰라 가레이,마이클 갬본
20080055,워터호스,111,20080320,미국,제이 러셀,한국소니픽쳐스릴리징브에나비스타영화㈜,전체관람가,어드벤처,가족,판타지,에밀리 왓슨,벤 채플린,
20080847,원티드,110,20080626,미국,티무르 베크맘베토브,유니버설픽쳐스인터내셔널 코리아(유),청소년관람불가,스릴러,액션,,제임스 맥어보이,안젤리나 졸리,모건 프리먼
20080736,강철중: 공공의 적 1-1,127,20080619,한국,강우석,(주)시네마서비스글로벌,15세이상관람가,드라마,액션,,설경구,정재영,강신일
20080663,크로싱,112,20080626,한국,김태균,(주)캠프비,12세이상관람가,드라마,,,차인표,신명철,주다영
20080653,쿵푸 팬더,92,20080605,미국,마크 오스본,씨제이엔터테인먼트,전체관람가,애니메이션,코미디,액션,더스틴 호프만,루시 리우,잭 블랙
20080709,섹스 앤 더 시티,143,20080605,미국,마이클 패트릭 킹,에스케이텔레콤(주),청소년관람불가,멜로/로맨스,코미디,,사라 제시카 파커,킴 캐트럴,신시아 닉슨
20080830,인크레더블 헐크,113,20080612,미국,루이스 리테리어,유니버설픽쳐스인터내셔널 코리아(유),15세이상관람가,액션,판타지,SF,에드워드 노튼,리브 타일러,
20070291,무림여대생,115,20080626,한국,곽재용,포도필름,15세이상관람가,멜로/로맨스,액션,코미디,신민아,온주완,유건
20080836,겟 스마트,110,20080619,미국,피터 시걸,워너브러더스 코리아(주),12세이상관람가,범죄,액션,코미디,스티브 카렐,앤 해서웨이,
20080835,21,122,20080619,미국,로버트 루케틱,한국소니픽쳐스릴리징브에나비스타영화㈜,15세이상관람가,범죄,드라마,,짐 스터게스,케빈 스페이시,케이트 보스워스
20071060,걸스카우트,99,20080605,한국,김상만,(주)보경사,15세이상관람가,드라마,범죄,코미디,나문희,김선아,고준희
20081169,맘마미아!,108,20080903,미국,필리다 로이드,유니버설픽쳐스인터내셔널 코리아(유),12세이상관람가,멜로/로맨스,뮤지컬,,아만다 사이프리드,메릴 스트립,콜린 퍼스
20080399,트럭,96,20080925,한국,권형진,(주)싸이더스,청소년관람불가,범죄,스릴러,,유해진,진구,김태한
20081001,신기전,134,20080904,한국,김유진,(주)시네마서비스글로벌,15세이상관람가,사극,드라마,액션,정재영,한은정,안성기
20081002,멋진 하루,123,20080925,한국,이윤기,(주)스폰지이엔티,12세이상관람가,드라마,멜로/로맨스,,전도연,하정우,김혜옥
20081243,영화는 영화다,112,20080911,한국,장훈,(주)김기덕 필름,청소년관람불가,액션,드라마,범죄,소지섭,강지환,홍수현
20080741,고고 70,118,20081003,한국,최호,(주)보경사,15세이상관람가,드라마,,,곽선영,조승우,신민아
20081332,헬보이 2 : 골든 아미,119,20080925,미국,길예르모 델 토로,유니버설픽쳐스인터내셔널 코리아(유),12세이상관람가,SF,액션,어드벤처,론 펄먼,셀마 블레어,
20081244,울학교 이티,120,20080911,한국,박광춘,㈜커리지필름,15세이상관람가,드라마,코미디,,김수로,이한위,백성현
20081333,인 블룸,90,20080925,미국,바딤 피얼먼,㈜케이디미디어,청소년관람불가,스릴러,드라마,,우마 서먼,에반 레이첼 우드,
20081158,미러,111,20080918,미국,알렉산더 아야,이십세기폭스코리아(주),청소년관람불가,공포(호러),스릴러,,키퍼 서덜랜드,폴라 패튼,
20081716,쌍화점,133,20081230,한국,유하,오퍼스픽쳐스(유),청소년관람불가,드라마,,,조인성,주진모,송지효
20081672,과속스캔들,108,20081203,한국,강형철,(주)토일렛픽쳐스,12세이상관람가,코미디,,,차태현,박보영,왕석현
20081744,볼트,96,20081231,미국,크리스 윌리엄스,한국소니픽쳐스릴리징브에나비스타영화㈜,전체관람가,애니메이션,코미디,어드벤처,존 트라볼타,마일리 사이러스,수지 에스먼
20081723,지구가 멈추는 날,106,20081224,미국,스콧 데릭슨,이십세기폭스코리아(주),12세이상관람가,SF,액션,스릴러,키아누 리브스,제니퍼 코넬리,
20081696,잃어버린 세계를 찾아서,92,20081217,미국,에릭 브리빅,롯데쇼핑㈜롯데엔터테인먼트,전체관람가,SF,어드벤처,가족,브렌든 프레이저,조쉬 허처슨,
20081686,벼랑 위의 포뇨,100,20081217,일본,미야자키 하야오,(주)쇼박스,전체관람가,애니메이션,어드벤처,판타지,야마구치 토모코,아마미 유키,
20081703,예스맨,104,20081217,미국,페이튼 리드,워너브러더스 코리아(주),15세이상관람가,코미디,드라마,,짐 캐리,주이 디샤넬,
20081697,트와일라잇,121,20081210,미국,캐서린 하드윅,판씨네마(주),12세이상관람가,액션,멜로/로맨스,판타지,크리스틴 스튜어트,로버트 패틴슨,
20081809,트랜스포터-라스트 미션,103,20090108,프랑스,올리비에 메가턴,TF1 필름 프로덕션,15세이상관람가,액션,,,제이슨 스타뎀,나탈리아 루다코바,
20081673,오스트레일리아,166,20081210,미국,바즈 루어만,이십세기폭스코리아(주),12세이상관람가,사극,멜로/로맨스,서부극(웨스턴),휴 잭맨,니콜 키드먼,
20090161,슬럼독 밀리어네어,120,20090319,영국,대니 보일,씨제이엔터테인먼트,15세이상관람가,드라마,멜로/로맨스,범죄,데브 파텔,프리다 핀토,
20090065,더 리더: 책 읽어주는 남자,123,20090326,미국,스티븐 달드리,미라지 엔터프라이즈,청소년관람불가,드라마,멜로/로맨스,범죄,랄프 파인즈,케이트 윈슬렛,데이빗 크로스
20090169,실종,98,20090319,한국,김성홍,활동사진,청소년관람불가,범죄,스릴러,미스터리,문성근,추자현,전세홍
20090090,쇼퍼홀릭,105,20090326,미국,P.J. 호건,터치스톤 픽쳐스,12세이상관람가,코미디,드라마,멜로/로맨스,아일라 피셔,휴 댄시,조앤 쿠삭
20090157,푸시,111,20090319,미국,폴 맥기건,서미트 엔터티인먼트,15세이상관람가,SF,스릴러,드라마,크리스 에반스,다코타 패닝,카밀라 벨
20090174,카오스,105,20090326,영국,토니 기글리오,(주)싸이더스,15세이상관람가,액션,드라마,범죄,제이슨 스타뎀,라이언 필립,웨슬리 스나입스
20090167,기프트,105,20090326,미국,그렉 마크스,(주)성원아이컴,15세이상관람가,액션,스릴러,미스터리,쉐인 웨스트,에드워드 번즈,빙 라메스
20090085,슬픔보다 더 슬픈 이야기,105,20090311,한국,원태연,(주)코어콘텐츠미디어,15세이상관람가,멜로/로맨스,드라마,,권상우,이보영,이범수
20081727,워낭소리,77,20090115,한국,이충렬,스튜디오느림보,전체관람가,다큐멘터리,,,최원균,이삼순,최종만
20090064,그랜 토리노,116,20090319,미국,클린트 이스트우드,워너브러더스 코리아(주),12세이상관람가,드라마,범죄,스릴러,클린트 이스트우드,크리스토퍼 칼리,비 방
20090303,트랜스포머: 패자의 역습,149,20090624,미국,마이클 베이,드림웍스 SKG,12세이상관람가,SF,액션,어드벤처,샤이아 라보프,메간 폭스,
20090297,거북이 달린다,117,20090611,한국,이연우,(주)씨네이천,15세이상관람가,드라마,액션,범죄,김윤석,정경호,견미리
20090336,킹콩을 들다,120,20090701,한국,박건용,(주)알지엔터웍스,전체관람가,드라마,,,이범수,조안,김민영
20090327,여고괴담 5,88,20090618,한국,이종용,(주)씨네이천,15세이상관람가,공포(호러),스릴러,,오연서,장경아,손은서
20090248,마더,128,20090528,한국,봉준호,(주)바른손이앤에이,청소년관람불가,드라마,,,김혜자,원빈,진구
20090282,박물관이 살아있다 2,104,20090604,미국,숀 레비,이십세기폭스코리아(주),전체관람가,어드벤처,코미디,액션,벤 스틸러,에이미 아담스,로빈 윌리엄스
20090238,터미네이터 : 미래전쟁의 시작,115,20090521,미국,맥지,더 할사이온 컴퍼니,15세이상관람가,SF,액션,,크리스찬 베일,샘 워싱턴,문 블러드굿
20090343,링스 어드벤처,87,20090624,스페인,마누엘 시실리아,(주)성원아이컴,전체관람가,애니메이션,코미디,드라마,베아트리즈 베르시아노,은지원,왕석현
20081737,7급 공무원,112,20090422,한국,신태라,(주)하리마오픽쳐스,12세이상관람가,코미디,액션,드라마,김하늘,강지환,유승목
20090288,드래그 미 투 헬,99,20090611,미국,샘 레이미,㈜케이디미디어,15세이상관람가,공포(호러),스릴러,판타지,저스틴 롱,알리슨 로먼,
20090329,내 사랑 내 곁에,121,20090924,한국,박진표,영화사 집,12세이상관람가,드라마,멜로/로맨스,,하지원,김명민,남능미
20090308,불꽃처럼 나비처럼,124,20090924,한국,김용균,(주)싸이더스,15세이상관람가,멜로/로맨스,사극,,최경원,조승우,수애
20090554,써로게이트,88,20091001,미국,조나단 모스토우,한국소니픽쳐스릴리징브에나비스타영화㈜,15세이상관람가,SF,스릴러,액션,브루스 윌리스,라다 미첼,
20090555,게이머,94,20091001,미국,브라이언 테일러,라이온스 게이트 필름즈,청소년관람불가,액션,SF,스릴러,제라드 버틀러,앰버 발레타,
20090528,페임,106,20090924,미국,케빈 탄차로엔,레이크쇼어 엔터테인먼트,12세이상관람가,코미디,드라마,뮤지컬,케이 파나베이커,애셔 북,월터 페레즈
20090484,애자,110,20090909,한국,정기훈,시리우스픽쳐스(주),15세이상관람가,드라마,코미디,,김성태,최강희,김영애
20090572,파이널 데스티네이션 4,82,20091001,미국,데이빗 엘리슨,워너브러더스 코리아(주),청소년관람불가,공포(호러),스릴러,,바비 캠포,닉 자노,헤일리 웹
20090307,국가대표,137,20090729,한국,김용화,케이엠컬쳐㈜,12세이상관람가,드라마,액션,코미디,하정우,성동일,김지석
20090556,나는 갈매기,85,20090926,한국,권상준,㈜드림빌엔터테인먼트,전체관람가,다큐멘터리,,,손경구,조규철,조성우
20090834,아바타,161,20091217,미국,제임스 카메론,이십세기폭스필름코퍼레이션,12세이상관람가,SF,액션,어드벤처,샘 워싱턴,조 샐다나,시고니 위버
20090077,전우치,136,20091223,한국,최동훈,영화사 집,12세이상관람가,액션,코미디,판타지,강동원,임수정,김윤석
20090856,셜록 홈즈,128,20091223,미국,가이 리치,워너브러더스 코리아(주),12세이상관람가,미스터리,범죄,어드벤처,로버트 다우니 주니어,주드 로,
20090891,나인,118,20091231,미국,롭 마샬,(주)시너지하우스 (시너지),15세이상관람가,멜로/로맨스,뮤지컬,,다니엘 데이 루이스,마리옹 꼬띠아르,페넬로페 크루즈
20090861,앨빈과 슈퍼밴드2,88,20091230,미국,베티 토머스,이십세기폭스코리아(주),전체관람가,가족,코미디,드라마,저스틴 롱,매튜 그레이 구블러,제이슨 리
20090860,포켓 몬스터 DP: 아르세우스 초극의 시공으로,95,20091224,일본,유야마 쿠니히코,실버스푼,전체관람가,애니메이션,어드벤처,판타지,오오타니 이쿠에,,
20090089,파르나서스 박사의 상상극장,122,20091223,미국,테리 길리엄,데이비스 필름,12세이상관람가,판타지,어드벤처,미스터리,조니 뎁,히스 레저,콜린 파렐
20090859,러브 매니지먼트,93,20091231,미국,스티븐 벨버,(주)싸이더스,15세이상관람가,멜로/로맨스,코미디,,제니퍼 애니스턴,스티브 잔,
20090685,2012,157,20091112,미국,롤랜드 에머리히,센트로폴리스 엔터테인먼트,12세이상관람가,SF,액션,어드벤처,존 쿠삭,아만다 피트,올리버 플랫
20090840,위대한 침묵,168,20091203,독일,필립 그로닝,(주)영화사 진진,전체관람가,다큐멘터리,,,,,
20100018,타이탄,106,20100401,미국,루이스 리테리어,워너 브러더스 픽쳐스,12세이상관람가,액션,어드벤처,판타지,랄프 파인즈,샘 워싱턴,리암 니슨
20090939,육혈포 강도단,107,20100318,한국,강효진,(주)전망좋은 영화사,15세이상관람가,코미디,드라마,액션,나문희,김수미,김혜옥
20090948,그린 존,114,20100325,미국,폴 그린그래스,유니버셜 픽쳐스,15세이상관람가,드라마,전쟁,액션,맷 데이먼,제이슨 아이삭스,
20100103,셔터 아일랜드,138,20100318,미국,마틴 스콜세지,파라마운트 픽쳐스,15세이상관람가,드라마,미스터리,스릴러,마크 러팔로,레오나르도 디카프리오,
20090331,폭풍전야,104,20100401,한국,조창호,오퍼스픽쳐스(유),청소년관람불가,드라마,멜로/로맨스,,김남길,황우슬혜,정윤민
20100107,비밀애,111,20100325,한국,권지연,(주)한컴,청소년관람불가,멜로/로맨스,,,유지태,윤진서,유현주
20090930,이상한 나라의 앨리스,108,20100304,미국,팀 버튼,월트 디즈니 픽쳐스,전체관람가,판타지,어드벤처,가족,조니 뎁,앤 해서웨이,헬레나 본햄 카터
20090904,의형제,116,20100204,한국,장훈,(주)쇼박스,15세이상관람가,드라마,액션,,송강호,강동원,전국환
20100141,아마존의 눈물,88,20100325,한국,김현철,(주)MBC,15세이상관람가,다큐멘터리,,,김남길,,
20090894,사랑은 너무 복잡해,120,20100311,미국,낸시 마이어스,유니버셜 픽쳐스,청소년관람불가,멜로/로맨스,코미디,,메릴 스트립,알렉 볼드윈,스티브 마틴
20100333,슈렉 포에버,93,20100701,미국,마이크 미첼,드림웍스 애니메이션,전체관람가,애니메이션,코미디,가족,마이크 마이어스,카메론 디아즈,에디 머피
20100353,파괴된 사나이,114,20100701,한국,우민호,아이러브시네마,청소년관람불가,드라마,스릴러,,김명민,엄기준,박주미
20100310,나잇&데이,109,20100624,미국,제임스 맨골드,뉴리전시 픽쳐스,15세이상관람가,액션,코미디,,톰 크루즈,카메론 디아즈,
20100296,포화속으로,120,20100616,한국,이재한,(주)태원엔터테인먼트,12세이상관람가,드라마,전쟁,,차승원,권상우,최승현
20090927,방자전,124,20100602,한국,김대우,(주)바른손이앤에이,청소년관람불가,사극,코미디,멜로/로맨스,김주혁,류승범,조여정
20090943,스플라이스,103,20100701,캐나다,빈센조 나탈리,(주)미로비젼,청소년관람불가,SF,공포(호러),스릴러,애드리언 브로디,사라 폴리,
20100339,필립모리스,97,20100701,프랑스,존 레쿼,유로파 Corp.,청소년관람불가,코미디,드라마,,짐 캐리,이완 맥그리거,
20100210,맨발의 꿈,121,20100624,한국,김태균,(주)캠프비,전체관람가,드라마,,,박희순,고창석,김현석
20100295,A-특공대,119,20100610,미국,조 카나한,듄 엔터테인먼트,15세이상관람가,액션,,,리암 니슨,퀸튼 잭슨,브래들리 쿠퍼
20100285,섹스 앤 더 시티 2,144,20100610,미국,마이클 패트릭 킹,뉴라인 시네마,청소년관람불가,드라마,멜로/로맨스,코미디,사라 제시카 파커,크리스틴 데이비스,킴 캐트럴
20100834,시라노; 연애조작단,121,20100916,한국,김현석,(주)명필름,12세이상관람가,멜로/로맨스,코미디,,엄태웅,이민정,최다니엘
20100991,먹고 기도하고 사랑하라,139,20100930,미국,라이언 머피,콜럼비아 픽쳐스 코포레이션,15세이상관람가,드라마,멜로/로맨스,,줄리아 로버츠,제임스 프랭코,
20100835,방가? 방가!,110,20100930,한국,육상효,(주)상상역엔터테인먼트,12세이상관람가,코미디,드라마,,김인권,김정태,신현빈
20100833,무적자,124,20100916,한국,송해성,핑거프린트(주),15세이상관람가,드라마,액션,,주진모,송승헌,김강우
20100811,레지던트 이블 4: 끝나지 않은 전쟁 3D,96,20100916,독일,폴 W.S. 앤더슨,콘스탄틴 필름 프로덕션,청소년관람불가,공포(호러),스릴러,액션,밀라 요보비치,웬트워스 밀러,
20100305,해결사,100,20100909,한국,권혁재,(주)외유내강,15세이상관람가,액션,스릴러,,이영수,설경구,이정진
20100214,아저씨,119,20100804,한국,이정범,오퍼스픽쳐스(유),청소년관람불가,액션,드라마,,원빈,김새론,김희원
20100814,슈퍼  배드,95,20100916,미국,피에르 꼬팽,일루미네이션 엔터테인먼트,전체관람가,애니메이션,가족,,미란다 코스그로브,스티브 카렐,태연
20100810,마루 밑 아리에티,94,20100909,일본,요네바야시 히로마사,스튜디오 지브리,전체관람가,애니메이션,,,시다 미라이,카미키 류노스케,미우라 토모카즈
20100813,퀴즈왕,121,20100916,한국,장진,소란플레이먼트(주),15세이상관람가,코미디,,,김수로,한재석,송영창
20101209,라스트 갓파더,103,20101229,한국,심형래,㈜영구아트,12세이상관람가,코미디,,,심형래,마이클 리스폴리,하비 케이틀
20101223,헬로우 고스트,111,20101222,한국,김영탁,(주)워터앤트리,12세이상관람가,코미디,드라마,,차태현,강예원,이문수
20101222,황해,156,20101222,한국,나홍진,㈜팝콘필름,청소년관람불가,스릴러,액션,범죄,김윤석,하정우,조성하
20101224,해리 포터와 죽음의 성물1,146,20101215,미국,데이빗 예이츠,헤이데이필름,전체관람가,미스터리,판타지,,다니엘 래드클리프,엠마 왓슨,루퍼트 그린트
20101225,트론: 새로운 시작,125,20101229,미국,조셉 코신스키,라이브플래닛,12세이상관람가,SF,스릴러,액션,제프 브리지스,가렛 헤드룬드,올리비아 와일드
20101348,새미의 어드벤쳐,85,20101215,벨기에,벤 스타센,엔웨이브필름,전체관람가,애니메이션,어드벤처,,멜라니 그리피스,이사벨 퍼만,유리 로웬탈
20101226,극장판 포켓 몬스터 DP 「환영의 패왕 조로아크」,97,20101223,일본,유야마 쿠니히코,이스트저팬마케팅앤커뮤니케이션,전체관람가,애니메이션,,,이선호,김선혜,문남숙
20101071,아메리칸,105,20101229,미국,안톤 코르빈,포커스피쳐스,청소년관람불가,범죄,드라마,,조지 클루니,,
20101378,쓰리 데이즈,133,20101222,미국,폴 해기스,라이온스 게이트 필름즈,15세이상관람가,범죄,스릴러,액션,러셀 크로우,엘리자베스 뱅크스,
20101221,쩨쩨한 로맨스,118,20101201,한국,김정훈,(주)크리픽쳐스,청소년관람불가,코미디,멜로/로맨스,,이선균,최강희,류현경
20119618,위험한 상견례,118,20110331,한국,김진영,(주)전망좋은 영화사,12세이상관람가,코미디,멜로/로맨스,,송새벽,이시영,백윤식
20119772,줄리아의 눈,112,20110331,스페인,기옘 모랄레스,씨너스엔터테인먼트(주),청소년관람불가,미스터리,스릴러,범죄,벨렌 루에다,,
20119637,킹스 스피치,118,20110317,영국,톰 후퍼,(주)화앤담이엔티,12세이상관람가,드라마,,,콜린 퍼스,제프리 러쉬,헬레나 본햄 카터
20119337,그대를 사랑합니다,118,20110217,한국,추창민,(주)세인트 폴 시네마,15세이상관람가,드라마,,,이순재,윤소정,송재호
20119720,마이 블랙 미니드레스,108,20110324,한국,허인무,(주)토리픽쳐스,15세이상관람가,드라마,,,윤은혜,박한별,차예련
20119707,월드 인베이젼,116,20110310,미국,조나단 리브스만,한국소니픽쳐스릴리징브에나비스타영화㈜,12세이상관람가,SF,액션,,아론 에크하트,미쉘 로드리게즈,브리짓 모나핸
20119806,미트 페어런츠 3,98,20110331,미국,폴 웨이츠,씨제이이앤엠(주),15세이상관람가,코미디,,,더스틴 호프만,오웬 윌슨,벤 스틸러
20119856,베니싱,91,20110331,미국,브래드 앤더슨,(주)넥스트엔터테인먼트월드(NEW),12세이상관람가,미스터리,,,존 레귀자모,헤이든 크리스텐슨,탠디 뉴튼
20119771,내 이름은 칸,128,20110324,인도,카란 조하르,필라멘트픽쳐스,12세이상관람가,드라마,,,샤룩 칸,까졸,
20119577,블랙 스완,108,20110224,미국,대런 아로노프스키,이십세기폭스코리아(주),청소년관람불가,드라마,스릴러,,나탈리 포트만,뱅상 카셀,밀라 쿠니스
20110659,트랜스포머 3,152,20110629,미국,마이클 베이,씨제이이앤엠(주),12세이상관람가,액션,어드벤처,,조쉬 더하멜,존 말코비치,로지 헌팅턴-휘틀리
20110193,써니,124,20110504,한국,강형철,(주)알로하픽쳐스,15세이상관람가,드라마,코미디,,유호정,심은경,강소라
20110251,풍산개,121,20110623,한국,전재홍,(주)김기덕 필름,청소년관람불가,드라마,,,윤계상,김규리,박장면
20110233,화이트: 저주의 멜로디,106,20110609,한국,김선,(주)두엔터테인먼트 ,15세이상관람가,공포(호러),,,황우슬혜,함은정,강명희
20110561,엑스맨: 퍼스트 클래스,132,20110602,미국,매튜 본,이십세기폭스코리아(주),12세이상관람가,액션,,,로즈 번,재뉴어리 존스,마이클 패스벤더
20110511,쿵푸팬더 2,91,20110526,미국,여인영,씨제이이앤엠(주),전체관람가,애니메이션,액션,어드벤처,더스틴 호프만,잭 블랙,안젤리나 졸리
20110581,링컨 차를 타는 변호사,118,20110616,미국,브래드 퍼맨,씨너스엔터테인먼트(주),15세이상관람가,범죄,스릴러,,라이언 필립,매튜 매커너히,조쉬 루카스
20110988,음모자,123,20110630,미국,로버트 레드포드,판씨네마(주),12세이상관람가,드라마,,,로빈 라이트,노먼 리더스,케빈 클라인
20110656,슈퍼 에이트,112,20110616,미국,J.J. 에이브럼스,씨제이이앤엠(주),12세이상관람가,SF,,,조엘 코트니,엘르 패닝,
20110490,인 어 베러 월드,113,20110623,덴마크,수잔 비에르,㈜씨에이엔,12세이상관람가,드라마,,,미카엘 페르스브란트,트린 디어홈,율리히 톰센
20112534,도가니,125,20110922,한국,황동혁,(주)삼거리픽쳐스,청소년관람불가,드라마,,,정유미,공유,허재호
20110613,의뢰인,123,20110929,한국,손영성,청년필름(주),15세이상관람가,스릴러,,,박희순,장혁,하정우
20111914,카운트다운,119,20110929,한국,허종호,(주)영화사봄,청소년관람불가,드라마,액션,,정재영,전도연,오만석
20110302,최종병기 활,122,20110810,한국,김한민,(주)디씨지플러스,15세이상관람가,사극,액션,,박해일,류승룡,김무열
20111892,어브덕션,105,20110929,미국,존 싱글톤,필라멘트픽쳐스,15세이상관람가,액션,드라마,미스터리,시고니 위버,릴리 콜린스,테일러 로트너
20112303,코쿠리코 언덕에서,91,20110929,일본,미야자키 고로,씨제이이앤엠(주),12세이상관람가,애니메이션,멜로/로맨스,,,,
20111571,파퍼씨네 펭귄들,95,20110907,미국,마크 워터스,이십세기폭스코리아(주),전체관람가,코미디,,,안젤라 랜스베리,짐 캐리,칼라 구기노
20112175,컨테이젼,103,20110922,미국,스티븐 소더버그,워너브러더스 코리아(주),12세이상관람가,액션,SF,스릴러,맷 데이먼,기네스 팰트로우,
20111893,킬러 엘리트,116,20110922,미국,개리 맥켄드리,에스케이텔레콤(주),청소년관람불가,스릴러,액션,,로버트 드니로,클라이브 오웬,제이슨 스타뎀
20112272,가문의 영광4 - 가문의 수난,103,20110907,한국,정태원,(주)태원엔터테인먼트,15세이상관람가,코미디,,,김수미,신현준,임형준
20112207,미션임파서블:고스트프로토콜,132,20111215,미국,브래드 버드,파라마운트 픽쳐스,15세이상관람가,액션,,,톰 크루즈,제레미 레너,
20110295,마이 웨이,137,20111221,한국,강제규,(주)디렉터스,15세이상관람가,전쟁,액션,드라마,장동건,오다기리 죠,판빙빙
20112621,셜록홈즈 : 그림자 게임,128,20111221,미국,가이 리치,워너브러더스 코리아(주),15세이상관람가,액션,미스터리,,로버트 다우니 주니어,주드 로,
20113260,퍼펙트 게임,127,20111221,한국,박희곤,(주)동아수출공사,12세이상관람가,드라마,,,조승우,양동근,최정원
20113271,프렌즈: 몬스터섬의비밀,88,20111229,일본,야마자키 타카시,(주)스마일이엔티,전체관람가,애니메이션,어드벤처,,이장원,엄상현,김서영
19940256,라이온 킹,89,19940702,미국,로저 알러스,월트디즈니,연소자관람가,애니메이션,어드벤처,가족,매튜 브로데릭,모이라 켈리,조나단 테일러 토마스
20113381,오싹한 연애,114,20111201,한국,황인호,상상필름(주),12세이상관람가,공포(호러),멜로/로맨스,코미디,손예진,이민기,신동훈
20112709,극장판 포켓몬스터 베스트 위시「비크티니와 백의 영웅 레시라무」,98,20111222,일본,유야마 쿠니히코,씨제이이앤엠(주),전체관람가,애니메이션,판타지,어드벤처,미즈키 나나,마츠모토 리카,
20113311,앨빈과 슈퍼밴드3,,20111215,미국,마이크 미첼,이십세기폭스코리아(주),전체관람가,애니메이션,코미디,어드벤처,저스틴 롱,제이슨 리,매튜 그레이 구블러
20112708,극장판 포켓몬스터 베스트 위시 「비크티니와 흑의 영웅 제크로무」,97,20111222,일본,유야마 쿠니히코,씨제이이앤엠(주),전체관람가,애니메이션,판타지,어드벤처,마츠모토 리카,츠루노 타케시,타카하시 히데키
20124074,건축학개론,118,20120322,한국,이용주,(주)명필름,12세이상관람가,멜로/로맨스,드라마,,엄태웅,한가인,이제훈
20124717,타이탄의 분노,100,20120329,미국,조나단 리브스만,워너브러더스 코리아(주),12세이상관람가,액션,판타지,,샘 워싱턴,리암 니슨,랄프 파인즈
20124051,시체가 돌아왔다,110,20120329,한국,우선호,(주)씨네이천,15세이상관람가,범죄,드라마,,이범수,류승범,김옥빈
20124142,언터처블: 1%의 우정,112,20120322,프랑스,올리비에르 나카체,(주)넥스트엔터테인먼트월드(NEW),12세이상관람가,코미디,드라마,,프랑수아 클뤼제,오마 사이,
20124050,화차,117,20120308,한국,변영주,(주)영화제작소보임,15세이상관람가,미스터리,,,이선균,김민희,조성하
20124939,스페이스 독,85,20120322,러시아,이나 예블라니코바,예지림엔터테인먼트,전체관람가,애니메이션,코미디,가족,엘레나 야코블레바,안나 볼쇼바,
20124096,디스 민즈 워,97,20120229,미국,맥지,이십세기폭스코리아(주),15세이상관람가,액션,코미디,멜로/로맨스,리즈 위더스푼,크리스 파인,톰 하디
20124629,존 카터: 바숨 전쟁의 서막,132,20120308,미국,앤드류 스탠튼,한국소니픽쳐스릴리징브에나비스타영화㈜,12세이상관람가,SF,액션,,테일러 키취,린 콜린스,윌렘 데포
20124666,크로니클,84,20120315,미국,조쉬 트랭크,이십세기폭스코리아(주),15세이상관람가,액션,스릴러,,데인 드한,알렉스 러셀,마이클 B. 조던
20113557,범죄와의 전쟁: 나쁜놈들 전성시대,133,20120202,한국,윤종빈,(주)팔레트픽처스,청소년관람불가,범죄,드라마,,최민식,하정우,조진웅
20126077,어메이징 스파이더맨,136,20120628,미국,마크 웹,한국소니픽쳐스릴리징브에나비스타영화㈜,12세이상관람가,액션,,,앤드류 가필드,엠마 스톤,마틴 쉰
20124136,마다가스카3 : 이번엔 서커스다!,93,20120606,미국,에릭 다넬,씨제이이앤엠(주),전체관람가,애니메이션,어드벤처,코미디,벤 스틸러,크리스 록,데이빗 쉼머
20113554,내 아내의 모든 것,121,20120517,한국,민규동,(주)수필름,15세이상관람가,코미디,멜로/로맨스,,임수정,이선균,류승룡
20113533,후궁 : 제왕의 첩,122,20120606,한국,김대승,(주)황기성 사단,청소년관람불가,사극,멜로/로맨스,,조여정,김동욱,김민준
20126566,캐빈 인 더 우즈,95,20120628,미국,드류 고다드,롯데쇼핑㈜롯데엔터테인먼트,청소년관람불가,공포(호러),스릴러,,크리스 헴스워스,크리스틴 코놀리,안나 허치슨
20113532,미쓰GO,115,20120621,한국,박철관,영화사 도로시(주),15세이상관람가,액션,코미디,범죄,고현정,유해진,성동일
20124055,아부의 왕,118,20120621,한국,정승구,(주)황금주전자,15세이상관람가,코미디,,,송새벽,성동일,김성령
20124065,차형사,110,20120530,한국,신태라,(주)영화사홍,15세이상관람가,코미디,액션,,강지환,성유리,이수혁
20124946,락아웃: 익스트림미션,94,20120614,미국,스테판 St. 레게르,롯데쇼핑㈜롯데엔터테인먼트,15세이상관람가,SF,액션,스릴러,가이 피어스,매기 그레이스,조셉 길건
20124061,두 번의 결혼식과 한 번의 장례식,106,20120621,한국,김조광수,청년필름(주),15세이상관람가,코미디,멜로/로맨스,,김동윤,류현경,송용진
20124079,"광해, 왕이 된 남자",131,20120913,한국,추창민,리얼라이즈픽쳐스(주),15세이상관람가,사극,드라마,,이병헌,류승룡,한효주
20128447,테이큰 2,92,20120927,프랑스,올리비에 메가턴,이십세기폭스코리아(주),청소년관람불가,액션,범죄,드라마,리암 니슨,매기 그레이스,팜케 얀센
20127634,메리다와 마법의 숲,102,20120927,미국,마크 앤드류스,한국소니픽쳐스릴리징브에나비스타영화㈜,전체관람가,애니메이션,,,켈리 맥도날드,빌리 코놀리,엠마 톰슨
20124400,간첩,115,20120920,한국,우민호,(주)영화사울림,15세이상관람가,드라마,코미디,액션,김명민,염정아,유해진
20113887,점쟁이들,119,20121003,한국,신정원,(주)사람엔터테인먼트,15세이상관람가,코미디,공포(호러),,김수로,오상철,강예원
20129166,19곰 테드,106,20120927,미국,세스 맥팔레인,유니버설픽쳐스인터내셔널 코리아(유),청소년관람불가,코미디,판타지,,마크 월버그,밀라 쿠니스,세스 맥팔레인
20129092,테드: 황금도시 파이티티를 찾아서,92,20120920,스페인,엔리케 가토,(주)싸이더스,전체관람가,애니메이션,,,하동훈,윤보라,
20127494,늑대아이,117,20120913,일본,호소다 마모루,(주)미디어데이,전체관람가,애니메이션,판타지,멜로/로맨스,미야자키 아오이,오사와 타카오,
20124934,피에타,104,20120906,한국,김기덕,(주)김기덕 필름,청소년관람불가,드라마,,,조민수,이정진,권세인
20124034,도둑들,135,20120725,한국,최동훈,(주)케이퍼필름,15세이상관람가,액션,범죄,,김윤석,김혜수,이정재
20124039,타워,121,20121225,한국,김지훈,씨제이이앤엠(주),12세이상관람가,드라마,,,설경구,손예진,김상경
20128274,레미제라블,158,20121219,미국,톰 후퍼,유니버설픽쳐스인터내셔널 코리아(유),12세이상관람가,드라마,,,휴 잭맨,러셀 크로우,앤 해서웨이
20128386,라이프 오브 파이,126,20130101,미국,이안,주식회사 해리슨앤컴퍼니,전체관람가,어드벤처,드라마,,수라즈 샤르마,이르판 칸,라프 스팰
20124399,반창꼬,120,20121219,한국,정기훈,(주)영화사오름,15세이상관람가,멜로/로맨스,,,고수,한효주,마동석
20125048,호빗: 뜻밖의 여정,169,20121213,미국,피터 잭슨,워너브러더스 코리아(주),12세이상관람가,어드벤처,판타지,,마틴 프리먼,이안 맥켈런,리차드 아미티지
20129388,주먹왕 랄프,108,20121219,미국,리치 무어,소니픽쳐스릴리징월트디즈니스튜디오스코리아(주),전체관람가,애니메이션,,,존 C. 라일리,잭 맥브레이어,제인 린치
20128687,가문의 영광5 - 가문의 귀환,104,20121219,한국,정용기,(주)태원엔터테인먼트,15세이상관람가,코미디,,,조성현,정준호,김민정
20126388,잠베지아: 신비한 나무섬의 비밀,83,20121225,남아프리카공화국,웨인 쏜리,롯데쇼핑㈜롯데엔터테인먼트,전체관람가,애니메이션,,,사무엘 L. 잭슨,아비게일 브레스린,제프 골드블럼
20122523,니코: 산타비행단의 모험,76,20121225,핀란드,캐리 주스넌,씨너스엔터테인먼트(주),전체관람가,애니메이션,어드벤처,가족,카리 히타라티,카리 케토넨,엘레나 크니틸라
20124936,나의 PS 파트너,114,20121206,한국,변성현,나의PS파트너 문화산업전문회사,청소년관람불가,멜로/로맨스,코미디,,지성,김아중,신소율
20113972,지.아이.조 2,110,20130328,미국,존 추,파라마운트 픽쳐스,15세이상관람가,액션,어드벤처,SF,이병헌,브루스 윌리스,드웨인 존슨
20128690,연애의 온도,112,20130321,한국,노덕,(주)뱅가드스튜디오,청소년관람불가,멜로/로맨스,코미디,,이민기,김민희,최무성
20129368,파파로티,127,20130314,한국,윤종찬,케이엠컬쳐㈜,15세이상관람가,드라마,,,한석규,이제훈,오달수
20124401,신세계,134,20130221,한국,박훈정,(주)사나이픽처스,청소년관람불가,범죄,액션,,이정재,최민식,황정민
20135241,웜 바디스,97,20130314,미국,조나단 레빈,씨제이이앤엠(주),15세이상관람가,멜로/로맨스,액션,,니콜라스 홀트,테레사 팔머,존 말코비치
20127593,7번방의 선물,127,20130123,한국,이환경,(주)화인웍스,15세이상관람가,코미디,드라마,,류승룡,박신혜,갈소원
20126306,장고:분노의 추적자,165,20130321,미국,쿠엔틴 타란티노,소니픽쳐스릴리징월트디즈니스튜디오스코리아(주),청소년관람불가,서부극(웨스턴),드라마,,레오나르도 디카프리오,제이미 폭스,크리스토프 왈츠
20134701,웃는 남자,94,20130328,프랑스,장 피에르 아메리스,씨너스엔터테인먼트(주),15세이상관람가,미스터리,판타지,,제라르 드빠르디유,마크 앙드레 그롱당,크리스타 테렛
20122231,안나 카레니나,130,20130321,미국,조 라이트,유니버설픽쳐스인터내셔널 코리아(유),15세이상관람가,드라마,,,키이라 나이틀리,주드 로,애런 존슨
20120108,지슬 - 끝나지 않은 세월2,108,20130321,한국,오멸,주식회사 자파리필름,15세이상관람가,드라마,,,이경준,홍상표,문석범
20122122,월드 워 Z,115,20130620,미국,마크 포스터,플랜 비 엔터테인먼트,15세이상관람가,드라마,스릴러,SF,브래드 피트,미레유 에노스,매튜 폭스
20129114,더 웹툰: 예고살인,104,20130627,한국,김용균,(주)필마픽쳐스 ,15세이상관람가,공포(호러),스릴러,,이시영,엄기준,정현태
20137815,화이트 하우스 다운,131,20130627,미국,롤랜드 에머리히,소니픽쳐스릴리징월트디즈니스튜디오스코리아(주),15세이상관람가,액션,드라마,,채닝 테이텀,제이미 폭스,매기 질렌할
20126672,은밀하게 위대하게,123,20130605,한국,장철수,(주)엠씨엠씨,15세이상관람가,액션,코미디,드라마,김수현,박기웅,이현우
20137961,맨 오브 스틸,142,20130613,미국,잭 스나이더,워너브러더스 코리아(주),12세이상관람가,SF,,,헨리 카빌,에이미 아담스,러셀 크로우
20138884,빅 웨딩,87,20130627,미국,저스틴 잭햄,(주)나이너스엔터테인먼트,청소년관람불가,멜로/로맨스,코미디,,아만다 사이프리드,벤 반스,로버트 드니로
20123329,스타트렉 다크니스,131,20130530,미국,J.J. 에이브럼스,파라마운트 픽쳐스,12세이상관람가,액션,SF,어드벤처,크리스 파인,칼 어번,조 샐다나
19930176,쥬라기 공원,126,19930717,미국,스티븐 스필버그,유니버셜 픽쳐스,중학생이상관람가,SF,액션,어드벤처,샘 닐,로라 던,제프 골드블럼
20134562,비포 미드나잇,108,20130522,미국,리차드 링클레이터,(주)팝엔터테인먼트,청소년관람불가,드라마,,,에단 호크,줄리 델피,샤무스 데이비 피츠패트릭
20139222,라스트 엑소시즘: 잠들지 않는 영혼,88,20130627,미국,에드 게스-도넬리,(주)팝파트너스,15세이상관람가,공포(호러),스릴러,,애슐리 벨,스펜서 트리트 클라크,앤드류 센세닉
20126091,관상,139,20130911,한국,한재림,(주)주피터필름,15세이상관람가,사극,드라마,,송강호,이정재,백윤식
20131381,컨저링,111,20130917,미국,제임스 완,워너브러더스 코리아(주),15세이상관람가,공포(호러),스릴러,,베라 파미가,패트릭 윌슨,릴리 테일러
20124086,스파이,121,20130905,한국,이승준,(주)제이케이필름,15세이상관람가,액션,,,설경구,문소리,다니엘 헤니
20131630,히든 카드,91,20130926,미국,브래드 퍼맨,이십세기폭스코리아(주),청소년관람불가,범죄,스릴러,,저스틴 팀버레이크,벤 애플렉,젬마 아터튼
20131541,블루 재스민,98,20130925,미국,우디 앨런,(주)인벤트스톤,15세이상관람가,드라마,,,케이트 블란쳇,알렉 볼드윈,
20129588,섀도우 헌터스: 뼈의 도시,129,20130912,미국,해럴드 즈워트,롯데쇼핑㈜롯데엔터테인먼트,15세이상관람가,판타지,액션,,릴리 콜린스,제이미 캠벨 바우어,케빈 지거스
20137562,퍼시 잭슨과 괴물의 바다,106,20130912,미국,쏘어 프류덴탈,이십세기폭스코리아(주),12세이상관람가,판타지,어드벤처,,로건 레먼,알렉산드리아 다다리오,브랜든 T. 잭슨
20122089,슈퍼배드 2,98,20130912,미국,크리스 리노드,유니버설픽쳐스인터내셔널 코리아(유),전체관람가,애니메이션,,,알 파치노,스티브 카렐,미란다 코스그로브
20135001,몬스터 대학교,110,20130912,미국,댄 스캔론,소니픽쳐스릴리징월트디즈니스튜디오스코리아(주),전체관람가,애니메이션,,,빌리 크리스탈,존 굿맨,스티브 부세미
20122466,짓,108,20130925,한국,한종훈,㈜리필름,청소년관람불가,멜로/로맨스,,,서은아,서태화,김희정
20134803,변호인,126,20131218,한국,양우석,위더스필름(주),15세이상관람가,드라마,,,송강호,김영애,오달수
20124938,용의자,137,20131224,한국,원신연,(주)그린피쉬,15세이상관람가,액션,스릴러,,공유,박희순,조성하
20131246,엔더스 게임,113,20131231,미국,개빈 후드,롯데쇼핑㈜롯데엔터테인먼트,12세이상관람가,SF,액션,어드벤처,해리슨 포드,아사 버터필드,헤일리 스테인펠드
20134046,월터의 상상은 현실이 된다,114,20131231,미국,벤 스틸러,글뫼 주식회사,12세이상관람가,어드벤처,코미디,드라마,벤 스틸러,크리스틴 위그,숀 펜
20134206,썬더와 마법저택,85,20131224,벨기에,벤 스타센,씨제이이앤엠(주),전체관람가,애니메이션,어드벤처,가족,김태균,정찬우,
20135428,어바웃 타임,123,20131205,영국,리차드 커티스,유니버설픽쳐스인터내셔널 코리아(유),15세이상관람가,멜로/로맨스,코미디,,레이첼 맥아담스,도널 글리슨,빌 나이
20135369,저스틴,96,20131231,스페인,마누엘 시실라,(주)넥스트엔터테인먼트월드(NEW),전체관람가,애니메이션,어드벤처,,박형식,이순재,박근형
20134267,호빗: 스마우그의 폐허,161,20131212,미국,피터 잭슨,워너브러더스 코리아(주),12세이상관람가,어드벤처,드라마,판타지,마틴 프리먼,베네딕트 컴버배치,케이트 블란쳇
20134984,다이노소어 어드벤처 3D,87,20131219,미국,베리 쿡,이십세기폭스코리아(주),전체관람가,액션,가족,,배한성,이광수,
20134123,집으로 가는 길,130,20131211,한국,방은진,씨제이이앤엠(주),15세이상관람가,드라마,,,전도연,고수,류태호
20147790,캡틴 아메리카: 윈터 솔져,135,20140326,미국,조 루소,소니픽쳐스릴리징월트디즈니스튜디오스코리아(주),15세이상관람가,액션,어드벤처,SF,크리스 에반스,스칼렛 요한슨,사무엘 L. 잭슨
20133602,노아,139,20140320,미국,대런 아로노프스키,씨제이이앤엠(주),15세이상관람가,어드벤처,드라마,판타지,러셀 크로우,엠마 왓슨,로건 레먼
20138226,우아한 거짓말,117,20140313,한국,이한,(주)유비유필름,12세이상관람가,드라마,,,김희애,고아성,김유정
20147727,그랜드 부다페스트 호텔,99,20140320,미국,웨스 앤더슨,(주)피터팬픽쳐스,청소년관람불가,미스터리,어드벤처,,랄프 파인즈,틸다 스윈튼,주드 로
20147299,논스톱,106,20140227,미국,자움 콜렛 세라,(주)넥스트엔터테인먼트월드(NEW),15세이상관람가,액션,,,리암 니슨,줄리안 무어,미쉘 독커리
20147612,쓰리데이즈 투 킬,115,20140403,미국,맥지,롯데쇼핑㈜롯데엔터테인먼트,15세이상관람가,액션,스릴러,,케빈 코스트너,앰버 허드,헤일리 스테인펠드
20131102,수상한 그녀,124,20140122,한국,황동혁,(주)예인플러스엔터테인먼트,15세이상관람가,드라마,,,심은경,나문희,박인환
20147247,300: 제국의 부활,102,20140306,미국,노암 머로,워너브러더스 코리아(주),청소년관람불가,액션,드라마,전쟁,레나 헤디,에바 그린,설리반 스탭플턴
20136060,몬스터,113,20140313,한국,황인호,상상필름(주),청소년관람불가,스릴러,,,이민기,김고은,안서현
20147968,선 오브 갓,137,20140410,미국,크리스토퍼 스펜서,(주)프레인글로벌,12세이상관람가,드라마,,,디오고 모르가도,세바스찬 냅,다윈 쇼
20122021,트랜스포머: 사라진 시대,164,20140625,미국,마이클 베이,씨제이이앤엠(주),12세이상관람가,액션,SF,어드벤처,마크 월버그,제시카 고메즈,니콜라 펠츠
20130442,끝까지 간다,110,20140529,한국,김성훈,(주)에이디사공육,15세이상관람가,액션,스릴러,범죄,이선균,조진웅,신정근
20148807,엣지 오브 투모로우,113,20140604,미국,더그 라이만,워너브러더스 코리아(주),12세이상관람가,액션,SF,,톰 크루즈,에밀리 블런트,빌 팩스톤
20148728,창문 넘어 도망친 100세 노인,114,20140618,스웨덴,플렉스 할그렌,(주)영화사 빅,15세이상관람가,어드벤처,코미디,드라마,로버트 구스타프슨,이와 위클란더,앨런 포드
20148877,그레이스 오브 모나코,102,20140618,프랑스,올리비에 다한,(주)쇼박스,12세이상관람가,드라마,,,니콜 키드먼,팀 로스,프랭크 란젤라
20148795,미녀와 야수,113,20140618,프랑스,크리스토프 갱스,(주)넥스트엔터테인먼트월드(NEW),전체관람가,판타지,멜로/로맨스,,레아 세이두,뱅상 카셀,
20134591,황제를 위하여,104,20140611,한국,박상준,오퍼스픽쳐스(유),청소년관람불가,액션,범죄,,장한새,이민기,박성웅
20147970,그레이트 뷰티,140,20140612,이탈리아,파올로 소렌티노,(주)영화사 진진,청소년관람불가,드라마,,,토니 세르빌로,,
20139201,신의 한 수,117,20140703,한국,조범구,(주)메이스엔터테인먼트,청소년관람불가,범죄,액션,,정우성,안성기,이범수
20148748,그녀,126,20140522,미국,스파이크 존즈,주식회사 더쿱,청소년관람불가,드라마,멜로/로맨스,,호아킨 피닉스,스칼렛 요한슨,에이미 아담스
20140431,메이즈 러너,113,20140918,미국,웨스 볼,이십세기폭스코리아(주),12세이상관람가,액션,미스터리,SF,딜런 오브라이언,카야 스코델라리오,윌 폴터
20149629,비긴 어게인,103,20140813,미국,존 카니,판씨네마(주),15세이상관람가,멜로/로맨스,,,키이라 나이틀리,마크 러팔로,애덤 리바인
20134804,타짜-신의 손,147,20140903,한국,강형철,(주)싸이더스,청소년관람불가,드라마,,,최승현,신세경,곽도원
20140247,베리 굿 걸,90,20140925,미국,나오미 포너,(주)영화사 빅,15세이상관람가,멜로/로맨스,드라마,,다코타 패닝,엘리자베스 올슨,보이드 홀브룩
20136064,해적: 바다로 간 산적,129,20140806,한국,이석훈,(주)하리마오픽쳐스,12세이상관람가,어드벤처,,,김남길,손예진,유해진
20140524,툼스톤,113,20140918,미국,스콧 프랭크,(주)인벤트스톤,청소년관람불가,액션,범죄,드라마,리암 니슨,보이드 홀브룩,
20141113,애나벨,98,20141002,미국,존 R. 레오네티,워너브러더스 코리아(주),15세이상관람가,공포(호러),,,애나벨 월리스,워드 호튼,알프레 우다드
20149811,인투 더 스톰,89,20140828,미국,스티븐 쿼일,워너브러더스 코리아(주),12세이상관람가,액션,스릴러,,리차드 아미티지,사라 웨인 콜리스,제레미 섬터
20140196,프랭크,95,20140925,영국,레니 에이브러햄슨,(주)영화사 진진,15세이상관람가,코미디,드라마,,마이클 패스벤더,도널 글리슨,매기 질렌할
20136863,마담 뺑덕,111,20141002,한국,임필성,(주)영화사동물의왕국,청소년관람불가,멜로/로맨스,,,정우성,이솜,박소영
20137048,국제시장,126,20141217,한국,윤제균,(주)제이케이필름,12세이상관람가,드라마,,,황정민,김윤진,오달수
20143642,테이큰 3,111,20150101,미국,올리비에 메가턴,이십세기폭스코리아(주),15세이상관람가,액션,범죄,스릴러,리암 니슨,팜케 얀센,매기 그레이스
20149859,마다가스카의 펭귄,91,20141231,미국,에릭 다넬,씨제이이앤엠(주),전체관람가,애니메이션,코미디,어드벤처,베네딕트 컴버배치,존 말코비치,톰 맥그라스
20141111,"님아, 그 강을 건너지 마오",85,20141127,한국,진모영,아거스필름,전체관람가,다큐멘터리,,,조병만,강계열,
20149265,기술자들,116,20141224,한국,김홍선,(주)트리니티엔터테인먼트,15세이상관람가,범죄,액션,,김우빈,김영철,고창석
20140226,호빗: 다섯 군대 전투,144,20141217,미국,피터 잭슨,워너브러더스 코리아(주),12세이상관람가,어드벤처,판타지,,마틴 프리먼,이안 맥켈런,리차드 아미티지
20130574,개를 훔치는 완벽한 방법,109,20141231,한국,김성호,(주)삼거리픽쳐스,전체관람가,드라마,가족,,김혜자,이레,최민수
20143344,눈의 여왕 2: 트롤의 마법거울,78,20141224,러시아,알렉세이 트시칠린,씨네그루(주)다우기술,전체관람가,애니메이션,판타지,가족,,,
20147176,상의원,127,20141224,한국,이원석,(주)영화사비단길,15세이상관람가,사극,드라마,,홍수민,한석규,고수
20149120,인터스텔라,169,20141106,미국,크리스토퍼 놀란,워너브러더스 코리아(주),12세이상관람가,SF,,,매튜 매커너히,앤 해서웨이,마이클 케인
20143580,분노의 질주: 더 세븐,137,20150401,미국,제임스 완,유니버설픽쳐스인터내셔널 코리아(유),15세이상관람가,액션,범죄,스릴러,빈 디젤,폴 워커,드웨인 존슨
20148845,스물,115,20150325,한국,이병헌,(주)영화나무,15세이상관람가,코미디,드라마,,김우빈,이준호,강하늘
20145141,위플래쉬,106,20150312,미국,데이미언 셔젤,(주)쇼박스,15세이상관람가,드라마,,,마일즈 텔러,J.K. 시몬스,
20140110,킹스맨 : 시크릿 에이전트,128,20150211,미국,매튜 본,이십세기폭스코리아(주),청소년관람불가,액션,스릴러,,콜린 퍼스,태런 에저튼,사무엘 L. 잭슨
20156841,신데렐라,113,20150319,미국,케네스 브래너,월트디즈니컴퍼니코리아(주),전체관람가,멜로/로맨스,,,릴리 제임스,리처드 매든,케이트 블란쳇
20144461,인서전트,119,20150325,미국,로베르트 슈벤트케,롯데쇼핑㈜롯데엔터테인먼트,15세이상관람가,SF,액션,,쉐일린 우들리,테오 제임스,케이트 윈슬렛
20157121,송 원,88,20150401,미국,케이트 베커-플로이랜드,(주)박수엔터테인먼트,15세이상관람가,드라마,멜로/로맨스,,앤 해서웨이,자니 플린,
20140703,장수상회,112,20150409,한국,강제규,(주)빅픽쳐,12세이상관람가,멜로/로맨스,드라마,,박해빛나,박근형,윤여정
20157041,런 올 나이트,115,20150319,미국,자움 콜렛 세라,워너브러더스 코리아(주),청소년관람불가,액션,스릴러,,리암 니슨,조엘 킨나만,에드 해리스
20148461,살인의뢰,102,20150312,한국,손용호,(주)미인픽쳐스,청소년관람불가,범죄,스릴러,,김상경,김성균,박성웅
20134798,연평해전,130,20150624,한국,김학순,(주)로제타시네마,12세이상관람가,드라마,,,김무열,진구,김율호
20148855,극비수사,107,20150618,한국,곽경택,(주)제이콘컴퍼니,15세이상관람가,드라마,범죄,,김윤석,유해진,송영창
20098169,쥬라기 월드,124,20150611,미국,콜린 트레보로우,유니버설픽쳐스인터내셔널 코리아(유),12세이상관람가,액션,어드벤처,SF,크리스 프랫,주디 그리어,브라이스 달라스 하워드
20136057,소수의견,126,20150624,한국,김성제,(주)하리마오픽쳐스,15세이상관람가,드라마,,,윤계상,유해진,김옥빈
20156749,19곰 테드 2,115,20150625,미국,세스 맥팔레인,유니버설픽쳐스인터내셔널 코리아(유),청소년관람불가,코미디,,,마크 월버그,세스 맥팔레인,아만다 사이프리드
20142856,나의 절친 악당들,109,20150625,한국,임상수,휠므빠말주식회사,청소년관람불가,범죄,액션,드라마,류승범,고준희,류현경
20156970,심야식당,120,20150618,일본,마츠오카 조지,(주)영화사 진진,12세이상관람가,드라마,,,코바야시 카오루,오다기리 죠,타카오카 사키
20159223,데모닉,83,20150625,미국,윌 캐논,(주)와우픽쳐스,15세이상관람가,공포(호러),스릴러,,마리아 벨로,프랭크 그릴로,코디 혼
20141224,경성학교: 사라진 소녀들,99,20150618,한국,이해영,청년필름(주),15세이상관람가,미스터리,드라마,,박보영,엄지원,박소담
20144741,매드 맥스: 분노의 도로,120,20150514,미국,조지 밀러,워너브러더스 코리아(주),15세이상관람가,액션,어드벤처,스릴러,톰 하디,샤를리즈 테론,니콜라스 홀트
20148846,사도,125,20150916,한국,이준익,(주)타이거픽쳐스,12세이상관람가,사극,,,송강호,유아인,문근영
20156557,탐정 : 더 비기닝,119,20150924,한국,김정훈,(주)크리픽쳐스,15세이상관람가,코미디,범죄,,권상우,성동일,박해준
20152022,인턴,121,20150924,미국,낸시 마이어스,워너브러더스 코리아(주),12세이상관람가,코미디,,,앤 해서웨이,로버트 드니로,르네 루소
20150622,메이즈 러너: 스코치 트라이얼,131,20150916,미국,웨스 볼,이십세기폭스코리아(주),12세이상관람가,액션,SF,스릴러,딜런 오브라이언,토마스 생스터,카야 스코델라리오
20148048,베테랑,123,20150805,한국,류승완,(주)외유내강,15세이상관람가,액션,드라마,,황정민,유아인,유해진
20140193,서부전선,111,20150924,한국,천성일,(주)하리마오픽쳐스,12세이상관람가,전쟁,드라마,,설경구,여진구,이경영
20154621,주온: 더 파이널,90,20151001,일본,오치아이 마사유키,유니버설픽쳐스인터내셔널 코리아(유),15세이상관람가,공포(호러),,,타이라 아이리,키리야마 렌,사사키 노조미
20151421,에베레스트,121,20150924,미국,발타자르 코루마쿠르,유니버설픽쳐스인터내셔널 코리아(유),12세이상관람가,어드벤처,드라마,스릴러,제이슨 클락,조슈 브롤린,키이라 나이틀리
20153025,대니 콜린스,106,20150930,미국,댄 포겔맨,(주)나이너스엔터테인먼트,15세이상관람가,드라마,,,알 파치노,아네트 베닝,제니퍼 가너
20151815,뮨: 달의 요정,85,20150924,프랑스,알렉상드르 헤보얀,씨네그루(주)다우기술,전체관람가,애니메이션,,,조슈아 J. 발라드,오마 사이,
20136068,히말라야,127,20151216,한국,이석훈,(주)제이케이필름,12세이상관람가,드라마,,,황정민,정우,조성하
20150025,내부자들: 디 오리지널,180,20151231,한국,우민호,(유)내부자들 문화전문회사,청소년관람불가,범죄,드라마,,신지수,이병헌,조승우
20154141,스타워즈: 깨어난 포스,135,20151217,미국,J.J. 에이브럼스,월트디즈니컴퍼니코리아(주),12세이상관람가,액션,어드벤처,판타지,해리슨 포드,마크 해밀,캐리 피셔
20144442,조선마술사,122,20151230,한국,김대승,위더스필름(주),12세이상관람가,드라마,,,유승호,고아라,곽도원
20154242,몬스터 호텔 2,89,20151224,미국,젠디 타타코브스키,유니버설픽쳐스인터내셔널 코리아(유),전체관람가,애니메이션,,,아담 샌들러,셀레나 고메즈,케빈 제임스
20145171,대호,139,20151216,한국,박훈정,(주)사나이픽처스,12세이상관람가,사극,,,최민식,정만식,김상호
20155563,어린왕자,106,20151223,프랑스,마크 오스본,씨네그루(주)다우기술,전체관람가,애니메이션,판타지,어드벤처,제프 브리지스,레이첼 맥아담스,매켄지 포이
20157197,라스트 위치 헌터,106,20151230,미국,브렉 에이즈너,TCO(주)더콘텐츠온,15세이상관람가,액션,어드벤처,판타지,빈 디젤,일라이저 우드,로즈 레슬리
20153702,포켓몬 더 무비 XY 후파: 광륜의 초마신,79,20151223,일본,유야마 쿠니히코,(주)이수C&E,전체관람가,애니메이션,어드벤처,판타지,,,
20156807,뽀로로 극장판 컴퓨터 왕국 대모험,62,20151210,한국,박영균,(주)오콘,전체관람가,애니메이션,,,이선,이미자,함수정
20152781,배트맨 대 슈퍼맨: 저스티스의 시작,151,20160324,미국,잭 스나이더,워너브러더스 코리아(주),12세이상관람가,액션,어드벤처,판타지,헨리 카빌,벤 애플렉,에이미 아담스
20155501,주토피아,108,20160217,미국,바이론 하워드,월트디즈니컴퍼니코리아(주),전체관람가,애니메이션,액션,어드벤처,지니퍼 굿윈,제이슨 베이트먼,샤키라
20150902,대배우,108,20160330,한국,석민우,주식회사 영화사다,12세이상관람가,코미디,,,오달수,윤제문,이경영
20162161,미스컨덕트,105,20160330,미국,시모사와 신타로,(주)박수엔터테인먼트,15세이상관람가,범죄,스릴러,,알 파치노,안소니 홉킨스,조쉬 더하멜
20162001,포레스트: 죽음의 숲,93,20160330,미국,제이슨 자다,유니버설픽쳐스인터내셔널 코리아(유),12세이상관람가,공포(호러),,,나탈리 도메르,테일러 키니,이오인 맥큰
20159643,글로리데이,92,20160324,한국,최정열,(주)보리픽쳐스,15세이상관람가,드라마,,,지수,김준면,류준열
20161881,부활,107,20160317,미국,케빈 레이놀즈,유니버설픽쳐스인터내셔널 코리아(유),12세이상관람가,드라마,,,조셉 파인즈,톰 펠튼,
20161905,나의 그리스식 웨딩 2,94,20160330,미국,커크 존스,(주)이수C&E,15세이상관람가,코미디,,,니아 발다로스,존 코베트,엘레나 캠푸리스
20161364,귀향,127,20160224,한국,조정래,주식회사 제이오엔터테인먼트코리아,15세이상관람가,드라마,,,손숙,강하나,서미지
20161594,마음이 외치고 싶어해,119,20160330,일본,나가이 타츠유키,스튜디오 프로그레시브 인큐베이터,12세이상관람가,애니메이션,,,미나세 이노리,,
20150972,굿바이 싱글,119,20160629,한국,김태곤,호두앤유 엔터테인먼트(주),15세이상관람가,코미디,드라마,,김혜수,마동석,김현수
20163661,레전드 오브 타잔,109,20160629,미국,데이빗 예이츠,워너브러더스 코리아(주),12세이상관람가,액션,어드벤처,,알렉산더 스카스가드,마고 로비,크리스토프 왈츠
20154906,사냥,92,20160629,한국,이우철,(주)빅스톤픽쳐스,15세이상관람가,액션,,,안성기,조진웅,한예리
20150782,인디펜던스 데이 : 리써전스,119,20160622,미국,롤랜드 에머리히,이십세기폭스코리아(주),12세이상관람가,액션,어드벤처,SF,빌 풀만,리암 헴스워스,제프 골드블럼
20162941,컨저링 2,131,20160609,미국,제임스 완,워너브러더스 코리아(주),15세이상관람가,공포(호러),,,베라 파미가,패트릭 윌슨,프란카 포텐테
20159645,특별수사: 사형수의 편지,120,20160616,한국,권종관,(주)콘텐츠케이,15세이상관람가,범죄,드라마,,김명민,김상호,성동일
20144444,아가씨,144,20160601,한국,박찬욱,유한회사 아가씨에프에스,청소년관람불가,스릴러,드라마,,김민희,김태리,하정우
20162967,정글북,105,20160609,미국,존 파브로,월트디즈니컴퍼니코리아(주),12세이상관람가,어드벤처,드라마,,닐 세티,빌 머레이,스칼렛 요한슨
20163215,미 비포 유,110,20160601,미국,테아 샤록,워너브러더스 코리아(주),12세이상관람가,멜로/로맨스,드라마,,에밀리아 클라크,샘 클라플린,매튜 루이스
20090683,500일의 썸머,95,20100121,미국,마크 웹,스네이크 프리뷰,15세이상관람가,드라마,멜로/로맨스,,조셉 고든 레빗,주이 디샤넬,제프리 아렌드
20153443,아수라,132,20160928,한국,김성수,(주)사나이픽처스,청소년관람불가,범죄,액션,,정우성,김현빈,황정민
20164501,미스 페레그린과 이상한 아이들의 집,126,20160928,미국,팀 버튼,이십세기폭스코리아(주),12세이상관람가,미스터리,판타지,,에바 그린,사무엘 L. 잭슨,아사 버터필드
20168885,브리짓 존스의 베이비,122,20160928,미국,샤론 맥과이어,유니버설픽쳐스인터내셔널 코리아(유),15세이상관람가,코미디,멜로/로맨스,,르네 젤위거,콜린 퍼스,패트릭 뎀시
20168891,설리: 허드슨강의 기적,95,20160928,미국,클린트 이스트우드,워너브러더스 코리아(주),12세이상관람가,드라마,,,톰 행크스,아론 에크하트,로라 린니
20159646,밀정,139,20160907,한국,김지운,(주)다크서클픽쳐스,15세이상관람가,액션,,,송강호,공유,한지민
20167839,벤허,123,20160914,미국,티무르 베크맘베토브,롯데쇼핑㈜롯데엔터테인먼트,12세이상관람가,어드벤처,드라마,,잭 휴스턴,토비 켑벨,모건 프리먼
20160143,피터와 드래곤,102,20160928,미국,데이빗 로워리,월트디즈니컴퍼니코리아(주),전체관람가,어드벤처,가족,판타지,브라이스 달라스 하워드,오크스 페글리,웨스 벤틀리
20167481,맨 인 더 다크,88,20161005,미국,페드 알바레즈,유니버설픽쳐스인터내셔널 코리아(유),청소년관람불가,스릴러,,,제인 레비,딜런 미네트,스티븐 랭
20168361,바다 탐험대 옥토넛 시즌4: 늪지탐험선K,57,20160928,영국,다라 오코넬,와이드 릴리즈(주),전체관람가,애니메이션,,,,,
20169764,백설공주 : 사라진 아빠를 찾아서,75,20160929,중국,벤 차오,예지림엔터테인먼트,전체관람가,애니메이션,가족,,이제인,사문영,박상훈
20161725,마스터,142,20161221,한국,조의석,영화사 집,15세이상관람가,액션,범죄,,이병헌,강동원,김우빈
20163183,로그 원: 스타워즈 스토리,133,20161228,미국,가렛 에드워즈,월트디즈니컴퍼니코리아 유한책임회사,12세이상관람가,액션,어드벤처,판타지,펠리시티 존스,디에고 루나,매즈 미켈슨
20162025,씽,107,20161221,미국,가스 제닝스,유니버설픽쳐스인터내셔널 코리아(유),전체관람가,애니메이션,뮤지컬,,매튜 매커너히,리즈 위더스푼,스칼렛 요한슨
20144641,판도라,135,20161207,한국,박정우,(주)씨에이씨엔터테인먼트,12세이상관람가,드라마,스릴러,,김남길,김영애,문정희
20167904,라라랜드,127,20161207,미국,데이미언 셔젤,판씨네마(주),12세이상관람가,드라마,뮤지컬,멜로/로맨스,엠마 스톤,라이언 고슬링,핀 위트록
20161872,너의 이름은.,106,20170104,일본,신카이 마코토,메가박스중앙(주)플러스엠,12세이상관람가,애니메이션,드라마,멜로/로맨스,카미키 류노스케,카미시라이시 모네,나가사와 마사미
20162727,루돌프와 많이있어,88,20161228,일본,유야마 쿠니히코,씨제이이앤엠(주),전체관람가,애니메이션,,,김율,신용우,홍범기
20162183,포켓몬 더 무비 XY&Z 「볼케니온 : 기계왕국의 비밀」,94,20161222,일본,유야마 쿠니히코,(주)이수C&E,전체관람가,애니메이션,어드벤처,판타지,,,
20152371,"당신, 거기 있어줄래요",110,20161214,한국,홍지영,(주)수필름,12세이상관람가,판타지,드라마,,김윤석,변요한,채서진
20165285,극장판 도라에몽: 신 진구의 버스 오브 재팬,103,20161221,일본,야쿠와 신노스케,(주)넥스트엔터테인먼트월드(NEW),전체관람가,애니메이션,,,채민지,김정아,최낙윤
20164721,미녀와 야수,129,20170316,미국,빌 콘돈,월트디즈니컴퍼니코리아 유한책임회사,전체관람가,멜로/로맨스,판타지,뮤지컬,엠마 왓슨,댄 스티븐스,루크 에반스
20162181,프리즌,124,20170323,한국,나현,(주)큐로홀딩스,청소년관람불가,범죄,액션,,한석규,김래원,정웅인
20163194,공각기동대 : 고스트 인 더 쉘,106,20170329,미국,루퍼트 샌더스,롯데쇼핑㈜롯데엔터테인먼트,15세이상관람가,SF,범죄,액션,스칼렛 요한슨,마이클 피트,마이클 윈코트
20151230,원라인,131,20170329,한국,양경모,(주)미인픽쳐스,15세이상관람가,범죄,,,임시완,진구,박병은
20167363,히든 피겨스,126,20170323,미국,데오도르 멜피,이십세기폭스코리아(주),12세이상관람가,드라마,,,타라지 P. 헨슨,옥타비아 스펜서,케빈 코스트너
20167902,보통사람,121,20170323,한국,김봉한,(주)트리니티엔터테인먼트,15세이상관람가,드라마,,,손현주,장혁,김상호
20167005,데스노트: 더 뉴 월드,134,20170329,일본,사토 신스케,(주)디스테이션,15세이상관람가,범죄,드라마,스릴러,히가시데 마사히로,이케마츠 소스케,토다 에리카
20167364,미스 슬로운,132,20170329,미국,존 매든,(주)메인타이틀픽쳐스,15세이상관람가,드라마,스릴러,,제시카 차스테인,구구 바샤-로,알리슨 필
20171661,아기돼지 3형제와 매직램프,78,20170323,중국,유위,(주)팝엔터테인먼트,전체관람가,애니메이션,,,,,
20179442,밤의 해변에서 혼자,100,20170323,한국,홍상수,(주)영화제작전원사 ,청소년관람불가,드라마,,,김민희,정재영,서영화
20178982,박열,128,20170628,한국,이준익,(유)박열문화전문회사,12세이상관람가,드라마,,,이제훈,최희서,김인우
20166967,트랜스포머: 최후의 기사,150,20170621,미국,마이클 베이,롯데쇼핑㈜롯데엔터테인먼트,12세이상관람가,액션,어드벤처,SF,마크 월버그,안소니 홉킨스,로라 하드독
20159647,리얼,137,20170628,한국,이사랑,(주)코브픽쳐스,청소년관람불가,액션,,,김수현,성동일,이성민
20158485,옥자,120,20170629,미국,봉준호,플랜 비 엔터테인먼트,12세이상관람가,어드벤처,액션,드라마,틸다 스윈튼,제이크 질렌할,폴 다노
20166488,미이라,110,20170606,미국,알렉스 커츠먼,유니버설픽쳐스인터내셔널 코리아(유),15세이상관람가,액션,어드벤처,판타지,톰 크루즈,소피아 부텔라,애나벨 월리스
20166384,하루,90,20170615,한국,조선호,(주)라인필름,15세이상관람가,스릴러,,,김명민,변요한,유재명
20176961,지랄발광 17세,105,20170628,미국,켈리 프레몬,소니픽쳐스엔터테인먼트코리아주식회사극장배급지점,15세이상관람가,코미디,드라마,,헤일리 스테인펠드,우디 해럴슨,카이라 세드윅
20162343,악녀,123,20170608,한국,정병길,(주)앞에있다,청소년관람불가,액션,,,김옥빈,신하균,성준
20178121,부니베어: 로거빅 컴백홈 프로젝트,68,20170629,중국,정량,예지림엔터테인먼트,전체관람가,애니메이션,,,박상훈,홍진욱,윤세웅
20175821,언더더씨,71,20170622,미국,에반 트라멜,(주)팝엔터테인먼트,전체관람가,애니메이션,,,김연우,황창영,김경희
20175222,킹스맨: 골든 서클,140,20170927,미국,매튜 본,이십세기폭스코리아(주),청소년관람불가,액션,어드벤처,코미디,콜린 퍼스,줄리안 무어,태런 에저튼
20174142,아이 캔 스피크,118,20170921,한국,김현석,주식회사 영화사 시선,12세이상관람가,코미디,,,나문희,이제훈,박철민
20172142,극장판 요괴워치: 하늘을 나는 고래와 더블세계다냥!,89,20170927,일본,우시로 신지,씨제이이앤엠(주),전체관람가,애니메이션,,,박경혜,홍범기,김현지
20170364,레고 닌자고 무비,101,20170928,미국,찰리 빈,워너브러더스 코리아(주),전체관람가,애니메이션,액션,코미디,,,
20154909,살인자의 기억법,118,20170906,한국,원신연,(주)쇼박스,15세이상관람가,범죄,스릴러,,설경구,김남길,설현
20171962,킬러의 보디가드,118,20170830,미국,패트릭 휴즈,(주)제이앤씨미디어그룹,15세이상관람가,액션,코미디,,라이언 레이놀즈,사무엘 L. 잭슨,셀마 헤이엑
20171090,베이비 드라이버,112,20170914,영국,에드가 라이트,소니픽쳐스엔터테인먼트코리아주식회사극장배급지점,15세이상관람가,액션,범죄,스릴러,안셀 엘고트,케빈 스페이시,릴리 제임스
20172627,리틀 프린세스 소피아 : 신비한 섬,63,20170928,미국,제이미 미첼,월트디즈니컴퍼니코리아 유한책임회사,전체관람가,애니메이션,어드벤처,가족,김미랑,서지연,사문영
20173945,인비저블 게스트,106,20170921,스페인,오리올 파울로,(주)더블앤조이픽쳐스,15세이상관람가,범죄,미스터리,스릴러,마리오 카사스,안나 와게너,호세 코로나도
20166132,김광석,81,20170830,한국,이상호,(주)씨네포트,15세이상관람가,다큐멘터리,,,김광석,이상호,신종민
20150976,신과함께-죄와 벌,139,20171220,한국,김용화,리얼라이즈픽쳐스(주),12세이상관람가,판타지,드라마,,하정우,차태현,주지훈
20170590,1987,129,20171227,한국,장준환,(주)우정필름,15세이상관람가,드라마,,,김윤석,하정우,유해진
20170402,강철비,139,20171214,한국,양우석,(주)와이웍스엔터테인먼트,15세이상관람가,액션,드라마,,정우성,곽도원,김갑수
20179462,위대한 쇼맨,104,20171220,미국,마이클 그레이시,이십세기폭스코리아(주),12세이상관람가,드라마,뮤지컬,,휴 잭맨,잭 에프런,미쉘 윌리엄스
20174965,극장판 포켓몬스터 너로 정했다!,97,20171221,일본,유야마 쿠니히코,(주)이수C&E,전체관람가,애니메이션,어드벤처,가족,,,
20176082,몬스터 패밀리,92,20171221,독일,호거 태프,씨네그루(주)키다리이엔티,전체관람가,애니메이션,,,에밀리 왓슨,닉 프로스트,
20176947,원더,113,20171227,미국,스티븐 크보스키,CGV아트하우스,전체관람가,드라마,,,줄리아 로버츠,오웬 윌슨,제이콥 트렘블레이
20174846,뽀로로 극장판 공룡섬 대모험,78,20171207,한국,김현호,(주)오콘,전체관람가,애니메이션,,,이선,이미자,함수정
20177479,극장판 프리파라 모두의 동경♪ 렛츠고☆프리파리,65,20171228,일본,모리와키 마코토,(주)박수엔터테인먼트,전체관람가,애니메이션,,,,,
20170443,스타워즈: 라스트 제다이,151,20171214,미국,라이언 존슨,월트디즈니컴퍼니코리아 유한책임회사,12세이상관람가,액션,어드벤처,판타지,마크 해밀,캐리 피셔,아담 드라이버
20180804,곤지암,94,20180328,한국,정범식,(주)하이브미디어코프,15세이상관람가,공포(호러),스릴러,,위하준,박지현,오아연
20171122,레디 플레이어 원,139,20180328,미국,스티븐 스필버그,워너브러더스 코리아(주),12세이상관람가,액션,SF,어드벤처,마크 라이런스,사이먼 페그,올리비아 쿡
20170669,지금 만나러 갑니다,131,20180314,한국,이장훈,(주)무비락,12세이상관람가,멜로/로맨스,,,소지섭,손예진,김지환
20154908,7년의 밤,123,20180328,한국,추창민,(주)바른손,15세이상관람가,스릴러,드라마,,류승룡,장동건,송새벽
20174603,퍼시픽 림: 업라이징,110,20180321,미국,스티븐 S. 드나이트,유니버설픽쳐스인터내셔널 코리아(유),15세이상관람가,액션,어드벤처,SF,존 보예가,스콧 이스트우드,케일리 스패니
20181366,미니특공대X,67,20180322,한국,이영준,(주)삼지애니메이션,전체관람가,애니메이션,,,엄상현,전태열,이소영
20178522,콜 미 바이 유어 네임,131,20180322,이탈리아,루카 구아다니노,소니픽쳐스엔터테인먼트코리아주식회사극장배급지점,청소년관람불가,드라마,멜로/로맨스,,티모시 샬라메,아미 해머,마이클 스털버그
20181621,막달라 마리아: 부활의 증인,119,20180328,영국,가스 데이비스,유니버설픽쳐스인터내셔널 코리아(유),12세이상관람가,드라마,,,루니 마라,호아킨 피닉스,치웨텔 에지오포
20173962,소공녀,106,20180322,한국,전고운,광화문시네마,15세이상관람가,멜로/로맨스,드라마,,이솜,안재홍,이고운
20170841,리틀 포레스트,103,20180228,한국,임순례,(주)영화사수박,전체관람가,드라마,,,김태리,류준열,문소리
20185341,마녀,125,20180627,한국,박훈정,(주)영화사 금월,15세이상관람가,미스터리,액션,,김다미,조민수,박희순
20178161,탐정: 리턴즈,116,20180613,한국,이언희,(주)크리픽쳐스,15세이상관람가,코미디,범죄,,권상우,성동일,이광수
20179086,쥬라기 월드: 폴른 킹덤,127,20180606,미국,후안 안토니오 바요나,유니버설픽쳐스인터내셔널 코리아(유),12세이상관람가,액션,어드벤처,SF,크리스 프랫,브라이스 달라스 하워드,제프 골드블럼
20172469,허스토리,120,20180627,한국,민규동,(주)수필름,12세이상관람가,드라마,,,김희애,김해숙,예수정
20184903,오션스8,110,20180613,미국,게리 로스,워너브러더스 코리아(주),12세이상관람가,액션,범죄,,산드라 블록,케이트 블란쳇,앤 해서웨이
20184721,시카리오: 데이 오브 솔다도,122,20180627,미국,스테파노 솔리마,㈜코리아스크린,15세이상관람가,액션,범죄,드라마,조슈 브롤린,베니치오 델 토로,이사벨라 모너
20185001,빅샤크: 매직체인지,73,20180627,중국,헤 질리,와이드 릴리즈(주),전체관람가,애니메이션,,,이제인,장병관,김사라
20184845,미드나잇 선,91,20180621,미국,스콧 스피어,씨네그루(주)키다리이엔티,12세이상관람가,멜로/로맨스,,,벨라 손,패트릭 슈왈제네거,롭 리글
20179383,독전,123,20180522,한국,이해영,(주)용필름,15세이상관람가,범죄,액션,,조진웅,류준열,김주혁
20162002,명탐정 코난: 순흑의 악몽,111,20160803,일본,시즈노 코분,씨제이이앤엠(주),12세이상관람가,애니메이션,미스터리,어드벤처,,,
20176122,안시성,135,20180919,한국,김광식,(주)영화사수작,12세이상관람가,사극,액션,,이태진,조인성,신현숙
20177308,협상,114,20180919,한국,이종석,(주)제이케이필름,15세이상관람가,범죄,,,현빈,손예진,김상호
20172204,명당,126,20180919,한국,박희곤,(주)주피터필름,12세이상관람가,사극,,,조승우,지성,김성균
20167903,원더풀 고스트,96,20180926,한국,조원희,(주)데이드림엔터테인먼트,12세이상관람가,코미디,드라마,범죄,마동석,김영광,이유영
20189262,더 넌,96,20180919,미국,코린 하디,워너브러더스 코리아(주),15세이상관람가,공포(호러),,,타이사 파미가,데미안 비쉬어,보니 아론스
20185046,서치,102,20180829,미국,아니쉬 차간티,소니픽쳐스엔터테인먼트코리아주식회사극장배급지점,12세이상관람가,드라마,,,존 조,데브라 메싱,
20189067,미쓰백,97,20181011,한국,이지원,영화사 배,15세이상관람가,드라마,,,한지민,김시아,이희준
20189743,파이널 포트레이트,90,20180927,영국,스탠리 투치,(주)팝엔터테인먼트,15세이상관람가,드라마,,,제프리 러쉬,아미 해머,실비 테스튀
20179189,암수살인,109,20181003,한국,김태균,(주)필름295,15세이상관람가,범죄,드라마,,김윤석,주지훈,문정희
20188242,타샤 튜더,104,20180913,일본,마츠타니 미츠에,(주)마노엔터테인먼트,전체관람가,다큐멘터리,,,,,
20180290,아쿠아맨,143,20181219,미국,제임스 완,워너브러더스 코리아(주),12세이상관람가,액션,,,제이슨 모모아,앰버 허드,니콜 키드먼
20170658,PMC: 더 벙커,124,20181226,한국,김병우,(주)퍼펙트스톰필름,15세이상관람가,액션,,,하정우,이선균,제니퍼 엘
20185485,보헤미안 랩소디,134,20181031,미국,브라이언 싱어,이십세기폭스코리아(주),12세이상관람가,드라마,,,라미 말렉,조셉 마젤로,마이크 마이어스
20186281,범블비,113,20181225,미국,트래비스 나이트,롯데컬처웍스(주)롯데엔터테인먼트,12세이상관람가,액션,어드벤처,SF,헤일리 스테인펠드,파멜라 애들론,존 시나
20184187,언니,93,20190101,한국,임경택,필름에이픽쳐스,청소년관람불가,액션,,,이시영,박세완,이준혁
20175547,스윙키즈,133,20181219,한국,강형철,(주)안나푸르나필름,12세이상관람가,드라마,,,도경수,박혜수,자레드 그라임스
20183785,점박이 한반도의 공룡2 : 새로운 낙원,93,20181225,한국,한상호,(주)드림써치C&C,전체관람가,애니메이션,,,박희순,라미란,김성균
20182421,그린치,89,20181219,미국,스콧 모시어,유니버설픽쳐스인터내셔널 코리아(유),전체관람가,애니메이션,코미디,,베네딕트 컴버배치,,
20183479,극장판 짱구는 못말려: 아뵤! 쿵후 보이즈 ~라면 대란~,103,20181219,일본,타카하시 와타루,씨제이이앤엠(주),전체관람가,애니메이션,,,박영남,강희선,김환진
20168773,마약왕,139,20181219,한국,우민호,(주)하이브미디어코프,청소년관람불가,범죄,드라마,,송강호,조정석,배두나
20176103,돈,115,20190320,한국,박누리,(주)사나이픽처스,15세이상관람가,범죄,,,류준열,유지태,조우진
20185352,어스,116,20190327,미국,조던 필,유니버설픽쳐스인터내셔널 코리아(유),15세이상관람가,공포(호러),스릴러,,루피타 뇽,윈스턴 듀크,엘리자베스 모스
20183773,장난스런 키스,122,20190327,대만,프랭키 첸,오드,12세이상관람가,멜로/로맨스,,,왕대륙,임윤,
20181877,캡틴 마블,123,20190306,미국,애너 보든,월트디즈니컴퍼니코리아 유한책임회사,12세이상관람가,액션,어드벤처,SF,브리 라슨,사무엘 L. 잭슨,벤 멘델슨
20196025,덤보,111,20190327,미국,팀 버튼,월트디즈니컴퍼니코리아 유한책임회사,전체관람가,가족,판타지,,콜린 파렐,마이클 키튼,대니 드비토
20197846,악질경찰,127,20190320,한국,이정범,청년필름(주),청소년관람불가,범죄,드라마,,이선균,전소니,박해준
20180825,미성년,95,20190411,한국,김윤석,(주)영화사레드피터,15세이상관람가,드라마,,,염정아,김소진,김혜준
20198146,콜레트,112,20190327,영국,워시 웨스트모어랜드,(주)넥스트엔터테인먼트월드(NEW),15세이상관람가,드라마,,,키이라 나이틀리,도미닉 웨스트,엘리너 톰린슨
20166301,썬키스 패밀리,105,20190327,한국,김지혜,(주)영화사두둥,15세이상관람가,가족,멜로/로맨스,코미디,박희순,진경,황우슬혜
20197987,더 길티,88,20190327,덴마크,구스타브 몰러,(주)팝엔터테인먼트,12세이상관람가,스릴러,,,야곱 세데르그렌,,
