movie_name,time,year,nation,director,company,grade,genres,actors,poster_url,link_url,user_rating
아바타,161,20091217,미국,제임스 카메론,이십세기폭스필름코퍼레이션,12세이상관람가,"['SF', '액션', '어드벤처']","['샘 워싱턴', '조 샐다나', '시고니 위버']",,https://movie.naver.com/movie/bi/mi/basic.nhn?code=164121,9.63
전우치,136,20091223,한국,최동훈,영화사 집,12세이상관람가,"['액션', '코미디', '판타지']","['강동원', '임수정', '김윤석']",https://ssl.pstatic.net/imgmovie/mdi/mit110/1588/158852_P01_130121.jpg,https://movie.naver.com/movie/bi/mi/basic.nhn?code=158852,10.00
셜록 홈즈,128,20091223,미국,가이 리치,워너브러더스 코리아(주),12세이상관람가,"['미스터리', '범죄', '어드벤처']","['로버트 다우니 주니어', '주드 로']",,https://movie.naver.com/movie/bi/mi/basic.nhn?code=109168,9.49
나인,118,20091231,미국,롭 마샬,(주)시너지하우스 (시너지),15세이상관람가,"['멜로/로맨스', '뮤지컬']","['다니엘 데이 루이스', '마리옹 꼬띠아르', '페넬로페 크루즈']",https://ssl.pstatic.net/imgmovie/mdi/mit110/1725/172551_P01_174535.jpg,https://movie.naver.com/movie/bi/mi/basic.nhn?code=172551,7.63
앨빈과 슈퍼밴드2,88,20091230,미국,베티 토머스,이십세기폭스코리아(주),전체관람가,"['가족', '코미디', '드라마']","['저스틴 롱', '매튜 그레이 구블러', '제이슨 리']",https://ssl.pstatic.net/imgmovie/mdi/mit110/0706/70637_P31_183105.jpg,https://movie.naver.com/movie/bi/mi/basic.nhn?code=70637,8.88
포켓 몬스터 DP: 아르세우스 초극의 시공으로,95,20091224,일본,유야마 쿠니히코,실버스푼,전체관람가,"['애니메이션', '어드벤처', '판타지']",['오오타니 이쿠에'],https://ssl.pstatic.net/imgmovie/mdi/mit110/0701/70118_P00_153350.jpg,https://movie.naver.com/movie/bi/mi/basic.nhn?code=70118,8.52
파르나서스 박사의 상상극장,122,20091223,미국,테리 길리엄,데이비스 필름,12세이상관람가,"['판타지', '어드벤처', '미스터리']","['조니 뎁', '히스 레저', '콜린 파렐']",https://ssl.pstatic.net/imgmovie/mdi/mit110/0473/47381_P00_095520.jpg,https://movie.naver.com/movie/bi/mi/basic.nhn?code=47381,5.86
러브 매니지먼트,93,20091231,미국,스티븐 벨버,(주)싸이더스,15세이상관람가,"['멜로/로맨스', '코미디']","['제니퍼 애니스턴', '스티브 잔']",https://ssl.pstatic.net/imgmovie/mdi/mit110/0530/53021_P34_132112.jpg,https://movie.naver.com/movie/bi/mi/basic.nhn?code=53021,6.39
2012,157,20091112,미국,롤랜드 에머리히,센트로폴리스 엔터테인먼트,12세이상관람가,"['SF', '액션', '어드벤처']","['존 쿠삭', '아만다 피트', '올리버 플랫']",https://ssl.pstatic.net/imgmovie/mdi/mit110/1645/164545_P01_152734.jpg,https://movie.naver.com/movie/bi/mi/basic.nhn?code=164545,0.00
위대한 침묵,168,20091203,독일,필립 그로닝,(주)영화사 진진,전체관람가,['다큐멘터리'],[],https://ssl.pstatic.net/imgmovie/mdi/mit110/0586/58666_P13_103019.jpg,https://movie.naver.com/movie/bi/mi/basic.nhn?code=58666,7.94
타이탄,106,20100401,미국,루이스 리테리어,워너 브러더스 픽쳐스,12세이상관람가,"['액션', '어드벤처', '판타지']","['랄프 파인즈', '샘 워싱턴', '리암 니슨']",https://ssl.pstatic.net/imgmovie/mdi/mit110/1680/168090_P03_105047.jpg,https://movie.naver.com/movie/bi/mi/basic.nhn?code=168090,7.75
육혈포 강도단,107,20100318,한국,강효진,(주)전망좋은 영화사,15세이상관람가,"['코미디', '드라마', '액션']","['나문희', '김수미', '김혜옥']",https://ssl.pstatic.net/imgmovie/mdi/mit110/0731/73114_P34_092807.jpg,https://movie.naver.com/movie/bi/mi/basic.nhn?code=73114,7.56
그린 존,114,20100325,미국,폴 그린그래스,유니버셜 픽쳐스,15세이상관람가,"['드라마', '전쟁', '액션']","['맷 데이먼', '제이슨 아이삭스']",https://ssl.pstatic.net/imgmovie/mdi/mit110/0468/46875_P02_151839.jpg,https://movie.naver.com/movie/bi/mi/basic.nhn?code=46875,7.70
셔터 아일랜드,138,20100318,미국,마틴 스콜세지,파라마운트 픽쳐스,15세이상관람가,"['드라마', '미스터리', '스릴러']","['마크 러팔로', '레오나르도 디카프리오']",https://ssl.pstatic.net/imgmovie/mdi/mit110/0696/69689_P00_122646.jpg,https://movie.naver.com/movie/bi/mi/basic.nhn?code=69689,8.33
폭풍전야,104,20100401,한국,조창호,오퍼스픽쳐스(유),청소년관람불가,"['드라마', '멜로/로맨스']","['김남길', '황우슬혜', '정윤민']",https://ssl.pstatic.net/imgmovie/mdi/mit110/0522/52229_P05_202619.jpg,https://movie.naver.com/movie/bi/mi/basic.nhn?code=52229,6.72
비밀애,111,20100325,한국,권지연,(주)한컴,청소년관람불가,['멜로/로맨스'],"['유지태', '윤진서', '유현주']",https://ssl.pstatic.net/imgmovie/mdi/mit110/1725/172588_P01_160555.jpg,https://movie.naver.com/movie/bi/mi/basic.nhn?code=172588,0.00
이상한 나라의 앨리스,108,20100304,미국,팀 버튼,월트 디즈니 픽쳐스,전체관람가,"['판타지', '어드벤처', '가족']","['조니 뎁', '앤 해서웨이', '헬레나 본햄 카터']",https://ssl.pstatic.net/imgmovie/mdi/mit110/1740/174004_P01_150735.jpg,https://movie.naver.com/movie/bi/mi/basic.nhn?code=174004,0.00
의형제,116,20100204,한국,장훈,(주)쇼박스,15세이상관람가,"['드라마', '액션']","['송강호', '강동원', '전국환']",https://ssl.pstatic.net/imgmovie/mdi/mit110/0525/52548_P43_123614.jpg,https://movie.naver.com/movie/bi/mi/basic.nhn?code=52548,8.86
아마존의 눈물,88,20100325,한국,김현철,(주)MBC,15세이상관람가,['다큐멘터리'],['김남길'],https://ssl.pstatic.net/imgmovie/mdi/mit110/0733/73398_P00_120313.jpg,https://movie.naver.com/movie/bi/mi/basic.nhn?code=73398,8.44
사랑은 너무 복잡해,120,20100311,미국,낸시 마이어스,유니버셜 픽쳐스,청소년관람불가,"['멜로/로맨스', '코미디']","['메릴 스트립', '알렉 볼드윈', '스티브 마틴']",https://ssl.pstatic.net/imgmovie/mdi/mit110/0511/51158_P59_175254.jpg,https://movie.naver.com/movie/bi/mi/basic.nhn?code=51158,8.66
슈렉 포에버,93,20100701,미국,마이크 미첼,드림웍스 애니메이션,전체관람가,"['애니메이션', '코미디', '가족']","['마이크 마이어스', '카메론 디아즈', '에디 머피']",https://ssl.pstatic.net/imgmovie/mdi/mit110/0699/69940_P54_111153.jpg,https://movie.naver.com/movie/bi/mi/basic.nhn?code=69940,8.03
파괴된 사나이,114,20100701,한국,우민호,아이러브시네마,청소년관람불가,"['드라마', '스릴러']","['김명민', '엄기준', '박주미']",https://ssl.pstatic.net/imgmovie/mdi/mit110/0714/71498_P65_105718.jpg,https://movie.naver.com/movie/bi/mi/basic.nhn?code=71498,7.71
나잇&데이,109,20100624,미국,제임스 맨골드,뉴리전시 픽쳐스,15세이상관람가,"['액션', '코미디']","['톰 크루즈', '카메론 디아즈']",https://ssl.pstatic.net/imgmovie/mdi/mit110/1803/180341_P01_153531.jpg,https://movie.naver.com/movie/bi/mi/basic.nhn?code=180341,0.00
포화속으로,120,20100616,한국,이재한,(주)태원엔터테인먼트,12세이상관람가,"['드라마', '전쟁']","['차승원', '권상우', '최승현']",https://ssl.pstatic.net/imgmovie/mdi/mit110/0513/51386_P219_191242.jpg,https://movie.naver.com/movie/bi/mi/basic.nhn?code=51386,8.23
방자전,124,20100602,한국,김대우,(주)바른손이앤에이,청소년관람불가,"['사극', '코미디', '멜로/로맨스']","['김주혁', '류승범', '조여정']",https://ssl.pstatic.net/imgmovie/mdi/mit110/1221/122156_P00_110431.jpg,https://movie.naver.com/movie/bi/mi/basic.nhn?code=122156,0.00
스플라이스,103,20100701,캐나다,빈센조 나탈리,(주)미로비젼,청소년관람불가,"['SF', '공포(호러)', '스릴러']","['애드리언 브로디', '사라 폴리']",https://ssl.pstatic.net/imgmovie/mdi/mit110/0527/52777_P27_172730.jpg,https://movie.naver.com/movie/bi/mi/basic.nhn?code=52777,6.07
필립모리스,97,20100701,프랑스,존 레쿼,유로파 Corp.,청소년관람불가,"['코미디', '드라마']","['짐 캐리', '이완 맥그리거']",https://ssl.pstatic.net/imgmovie/mdi/mit110/0459/45945_P42_150329.jpg,https://movie.naver.com/movie/bi/mi/basic.nhn?code=45945,7.47
맨발의 꿈,121,20100624,한국,김태균,(주)캠프비,전체관람가,['드라마'],"['박희순', '고창석', '김현석']",https://ssl.pstatic.net/imgmovie/mdi/mit110/0510/51083_P06_171506.jpg,https://movie.naver.com/movie/bi/mi/basic.nhn?code=51083,9.27
A-특공대,119,20100610,미국,조 카나한,듄 엔터테인먼트,15세이상관람가,['액션'],"['리암 니슨', '퀸튼 잭슨', '브래들리 쿠퍼']",https://ssl.pstatic.net/imgmovie/mdi/mit110/0505/50598_P68_080618.jpg,https://movie.naver.com/movie/bi/mi/basic.nhn?code=50598,8.93
섹스 앤 더 시티 2,144,20100610,미국,마이클 패트릭 킹,뉴라인 시네마,청소년관람불가,"['드라마', '멜로/로맨스', '코미디']","['사라 제시카 파커', '크리스틴 데이비스', '킴 캐트럴']",https://ssl.pstatic.net/imgmovie/mdi/mit110/0530/53084_P67_114529.jpg,https://movie.naver.com/movie/bi/mi/basic.nhn?code=53084,7.75
시라노; 연애조작단,121,20100916,한국,김현석,(주)명필름,12세이상관람가,"['멜로/로맨스', '코미디']","['엄태웅', '이민정', '최다니엘']",https://ssl.pstatic.net/imgmovie/mdi/mit110/1065/106541_P01_170426.jpg,https://movie.naver.com/movie/bi/mi/basic.nhn?code=106541,9.16
먹고 기도하고 사랑하라,139,20100930,미국,라이언 머피,콜럼비아 픽쳐스 코포레이션,15세이상관람가,"['드라마', '멜로/로맨스']","['줄리아 로버츠', '제임스 프랭코']",https://ssl.pstatic.net/imgmovie/mdi/mit110/0709/70999_P46_100615.jpg,https://movie.naver.com/movie/bi/mi/basic.nhn?code=70999,6.50
방가? 방가!,110,20100930,한국,육상효,(주)상상역엔터테인먼트,12세이상관람가,"['코미디', '드라마']","['김인권', '김정태', '신현빈']",https://ssl.pstatic.net/imgmovie/mdi/mit110/1717/171770_P01_170132.jpg,https://movie.naver.com/movie/bi/mi/basic.nhn?code=171770,0.00
무적자,124,20100916,한국,송해성,핑거프린트(주),15세이상관람가,"['드라마', '액션']","['주진모', '송승헌', '김강우']",https://ssl.pstatic.net/imgmovie/mdi/mit110/0611/61115_P31_091252.jpg,https://movie.naver.com/movie/bi/mi/basic.nhn?code=61115,5.60
레지던트 이블 4: 끝나지 않은 전쟁 3D,96,20100916,독일,폴 W.S. 앤더슨,콘스탄틴 필름 프로덕션,청소년관람불가,"['공포(호러)', '스릴러', '액션']","['밀라 요보비치', '웬트워스 밀러']",https://ssl.pstatic.net/imgmovie/mdi/mit110/0537/53751_P17_114406.jpg,https://movie.naver.com/movie/bi/mi/basic.nhn?code=53751,6.27
해결사,100,20100909,한국,권혁재,(주)외유내강,15세이상관람가,"['액션', '스릴러']","['이영수', '설경구', '이정진']",https://ssl.pstatic.net/imgmovie/mdi/mit110/1661/166101_P01_104532.jpg,https://movie.naver.com/movie/bi/mi/basic.nhn?code=166101,5.20
아저씨,119,20100804,한국,이정범,오퍼스픽쳐스(유),청소년관람불가,"['액션', '드라마']","['원빈', '김새론', '김희원']",https://ssl.pstatic.net/imgmovie/mdi/mit110/1793/179347_P01_100905.jpg,https://movie.naver.com/movie/bi/mi/basic.nhn?code=179347,0.00
슈퍼  배드,95,20100916,미국,피에르 꼬팽,일루미네이션 엔터테인먼트,전체관람가,"['애니메이션', '가족']","['미란다 코스그로브', '스티브 카렐', '태연']",https://ssl.pstatic.net/imgmovie/mdi/mit110/1326/132626_P23_100529.jpg,https://movie.naver.com/movie/bi/mi/basic.nhn?code=132626,8.69
마루 밑 아리에티,94,20100909,일본,요네바야시 히로마사,스튜디오 지브리,전체관람가,['애니메이션'],"['시다 미라이', '카미키 류노스케', '미우라 토모카즈']",https://ssl.pstatic.net/imgmovie/mdi/mit110/0733/73301_P25_200310.jpg,https://movie.naver.com/movie/bi/mi/basic.nhn?code=73301,8.12
퀴즈왕,121,20100916,한국,장진,소란플레이먼트(주),15세이상관람가,['코미디'],"['김수로', '한재석', '송영창']",https://ssl.pstatic.net/imgmovie/mdi/mit110/0742/74269_P08_113658.jpg,https://movie.naver.com/movie/bi/mi/basic.nhn?code=74269,5.90
라스트 갓파더,103,20101229,한국,심형래,㈜영구아트,12세이상관람가,['코미디'],"['심형래', '마이클 리스폴리', '하비 케이틀']",https://ssl.pstatic.net/imgmovie/mdi/mit110/0475/47531_P19_104020.jpg,https://movie.naver.com/movie/bi/mi/basic.nhn?code=47531,6.24
헬로우 고스트,111,20101222,한국,김영탁,(주)워터앤트리,12세이상관람가,"['코미디', '드라마']","['차태현', '강예원', '이문수']",,https://movie.naver.com/movie/bi/mi/basic.nhn?code=83368,9.75
황해,156,20101222,한국,나홍진,㈜팝콘필름,청소년관람불가,"['스릴러', '액션', '범죄']","['김윤석', '하정우', '조성하']",https://ssl.pstatic.net/imgmovie/mdi/mit110/0699/69986_P47_160507.jpg,https://movie.naver.com/movie/bi/mi/basic.nhn?code=69986,7.84
해리 포터와 죽음의 성물1,146,20101215,미국,데이빗 예이츠,헤이데이필름,전체관람가,"['미스터리', '판타지']","['다니엘 래드클리프', '엠마 왓슨', '루퍼트 그린트']",https://ssl.pstatic.net/imgmovie/mdi/mit110/0679/67901_P52_160214.jpg,https://movie.naver.com/movie/bi/mi/basic.nhn?code=67901,8.19
트론: 새로운 시작,125,20101229,미국,조셉 코신스키,라이브플래닛,12세이상관람가,"['SF', '스릴러', '액션']","['제프 브리지스', '가렛 헤드룬드', '올리비아 와일드']",https://ssl.pstatic.net/imgmovie/mdi/mit110/0723/72357_P28_153740.jpg,https://movie.naver.com/movie/bi/mi/basic.nhn?code=72357,7.31
새미의 어드벤쳐,85,20101215,벨기에,벤 스타센,엔웨이브필름,전체관람가,"['애니메이션', '어드벤처']","['멜라니 그리피스', '이사벨 퍼만', '유리 로웬탈']",https://ssl.pstatic.net/imgmovie/mdi/mit110/0945/94506_P21_112038.jpg,https://movie.naver.com/movie/bi/mi/basic.nhn?code=94506,8.63
극장판 포켓 몬스터 DP 「환영의 패왕 조로아크」,97,20101223,일본,유야마 쿠니히코,이스트저팬마케팅앤커뮤니케이션,전체관람가,['애니메이션'],"['이선호', '김선혜', '문남숙']",https://ssl.pstatic.net/imgmovie/mdi/mit110/0771/77154_P16_111823.jpg,https://movie.naver.com/movie/bi/mi/basic.nhn?code=77154,8.80
아메리칸,105,20101229,미국,안톤 코르빈,포커스피쳐스,청소년관람불가,"['범죄', '드라마']",['조지 클루니'],https://ssl.pstatic.net/imgmovie/mdi/mit110/1845/184580_P01_180228.jpg,https://movie.naver.com/movie/bi/mi/basic.nhn?code=184580,0.00
쓰리 데이즈,133,20101222,미국,폴 해기스,라이온스 게이트 필름즈,15세이상관람가,"['범죄', '스릴러', '액션']","['러셀 크로우', '엘리자베스 뱅크스']",https://ssl.pstatic.net/imgmovie/mdi/mit110/1745/174578_P01_165936.jpg,https://movie.naver.com/movie/bi/mi/basic.nhn?code=174578,0.00
쩨쩨한 로맨스,118,20101201,한국,김정훈,(주)크리픽쳐스,청소년관람불가,"['코미디', '멜로/로맨스']","['이선균', '최강희', '류현경']",https://ssl.pstatic.net/imgmovie/mdi/mit110/0757/75724_P42_152655.jpg,https://movie.naver.com/movie/bi/mi/basic.nhn?code=75724,8.51
위험한 상견례,118,20110331,한국,김진영,(주)전망좋은 영화사,12세이상관람가,"['코미디', '멜로/로맨스']","['송새벽', '이시영', '백윤식']",https://ssl.pstatic.net/imgmovie/mdi/mit110/1033/103381_P36_142709.jpg,https://movie.naver.com/movie/bi/mi/basic.nhn?code=103381,6.67
줄리아의 눈,112,20110331,스페인,기옘 모랄레스,씨너스엔터테인먼트(주),청소년관람불가,"['미스터리', '스릴러', '범죄']",['벨렌 루에다'],https://ssl.pstatic.net/imgmovie/mdi/mit110/0782/78218_P11_181235.jpg,https://movie.naver.com/movie/bi/mi/basic.nhn?code=78218,7.92
킹스 스피치,118,20110317,영국,톰 후퍼,(주)화앤담이엔티,12세이상관람가,['드라마'],"['콜린 퍼스', '제프리 러쉬', '헬레나 본햄 카터']",https://ssl.pstatic.net/imgmovie/mdi/mit110/0764/76439_P00_140002.jpg,https://movie.naver.com/movie/bi/mi/basic.nhn?code=76439,8.29
그대를 사랑합니다,118,20110217,한국,추창민,(주)세인트 폴 시네마,15세이상관람가,['드라마'],"['이순재', '윤소정', '송재호']",https://ssl.pstatic.net/imgmovie/mdi/mit110/1685/168506_P01_110650.jpg,https://movie.naver.com/movie/bi/mi/basic.nhn?code=168506,10.00
마이 블랙 미니드레스,108,20110324,한국,허인무,(주)토리픽쳐스,15세이상관람가,['드라마'],"['윤은혜', '박한별', '차예련']",https://ssl.pstatic.net/imgmovie/mdi/mit110/0711/71139_P17_153704.jpg,https://movie.naver.com/movie/bi/mi/basic.nhn?code=71139,6.84
월드 인베이젼,116,20110310,미국,조나단 리브스만,한국소니픽쳐스릴리징브에나비스타영화㈜,12세이상관람가,"['SF', '액션']","['아론 에크하트', '미쉘 로드리게즈', '브리짓 모나핸']",https://ssl.pstatic.net/imgmovie/mdi/mit110/0684/68437_P08_112740.jpg,https://movie.naver.com/movie/bi/mi/basic.nhn?code=68437,7.53
미트 페어런츠 3,98,20110331,미국,폴 웨이츠,씨제이이앤엠(주),15세이상관람가,['코미디'],"['더스틴 호프만', '오웬 윌슨', '벤 스틸러']",https://ssl.pstatic.net/imgmovie/mdi/mit110/0733/73340_P04_164231.jpg,https://movie.naver.com/movie/bi/mi/basic.nhn?code=73340,6.53
베니싱,91,20110331,미국,브래드 앤더슨,(주)넥스트엔터테인먼트월드(NEW),12세이상관람가,['미스터리'],"['존 레귀자모', '헤이든 크리스텐슨', '탠디 뉴튼']",https://ssl.pstatic.net/imgmovie/mdi/mit110/1508/150875_P01_100450.jpg,https://movie.naver.com/movie/bi/mi/basic.nhn?code=150875,0.00
내 이름은 칸,128,20110324,인도,카란 조하르,필라멘트픽쳐스,12세이상관람가,['드라마'],"['샤룩 칸', '까졸']",https://ssl.pstatic.net/imgmovie/mdi/mit110/0706/70651_P09_115117.jpg,https://movie.naver.com/movie/bi/mi/basic.nhn?code=70651,9.29
블랙 스완,108,20110224,미국,대런 아로노프스키,이십세기폭스코리아(주),청소년관람불가,"['드라마', '스릴러']","['나탈리 포트만', '뱅상 카셀', '밀라 쿠니스']",,https://movie.naver.com/movie/bi/mi/basic.nhn?code=184975,0.00
트랜스포머 3,152,20110629,미국,마이클 베이,씨제이이앤엠(주),12세이상관람가,"['액션', '어드벤처']","['조쉬 더하멜', '존 말코비치', '로지 헌팅턴-휘틀리']",https://ssl.pstatic.net/imgmovie/mdi/mit110/1234/123407_P01_190651.jpg,https://movie.naver.com/movie/bi/mi/basic.nhn?code=123407,10.00
써니,124,20110504,한국,강형철,(주)알로하픽쳐스,15세이상관람가,"['드라마', '코미디']","['유호정', '심은경', '강소라']",https://ssl.pstatic.net/imgmovie/mdi/mit110/1723/172391_P01_175325.jpg,https://movie.naver.com/movie/bi/mi/basic.nhn?code=172391,2.00
풍산개,121,20110623,한국,전재홍,(주)김기덕 필름,청소년관람불가,['드라마'],"['윤계상', '김규리', '박장면']",https://ssl.pstatic.net/imgmovie/mdi/mit110/0791/79159_P12_111135.jpg,https://movie.naver.com/movie/bi/mi/basic.nhn?code=79159,7.00
화이트: 저주의 멜로디,106,20110609,한국,김선,(주)두엔터테인먼트 ,15세이상관람가,['공포(호러)'],"['황우슬혜', '함은정', '강명희']",https://ssl.pstatic.net/imgmovie/mdi/mit110/0749/74904_P37_162844.jpg,https://movie.naver.com/movie/bi/mi/basic.nhn?code=74904,6.82
엑스맨: 퍼스트 클래스,132,20110602,미국,매튜 본,이십세기폭스코리아(주),12세이상관람가,['액션'],"['로즈 번', '재뉴어리 존스', '마이클 패스벤더']",https://ssl.pstatic.net/imgmovie/mdi/mit110/0763/76347_P01_134913.jpg,https://movie.naver.com/movie/bi/mi/basic.nhn?code=76347,9.04
쿵푸팬더 2,91,20110526,미국,여인영,씨제이이앤엠(주),전체관람가,"['애니메이션', '액션', '어드벤처']","['더스틴 호프만', '잭 블랙', '안젤리나 졸리']",https://ssl.pstatic.net/imgmovie/mdi/mit110/0734/73411_P07_115408.jpg,https://movie.naver.com/movie/bi/mi/basic.nhn?code=73411,8.72
링컨 차를 타는 변호사,118,20110616,미국,브래드 퍼맨,씨너스엔터테인먼트(주),15세이상관람가,"['범죄', '스릴러']","['라이언 필립', '매튜 매커너히', '조쉬 루카스']",https://ssl.pstatic.net/imgmovie/mdi/mit110/0806/80626_P00_113118.jpg,https://movie.naver.com/movie/bi/mi/basic.nhn?code=80626,8.17
음모자,123,20110630,미국,로버트 레드포드,판씨네마(주),12세이상관람가,['드라마'],"['로빈 라이트', '노먼 리더스', '케빈 클라인']",https://ssl.pstatic.net/imgmovie/mdi/mit110/0976/97642_P07_104833.jpg,https://movie.naver.com/movie/bi/mi/basic.nhn?code=97642,5.75
슈퍼 에이트,112,20110616,미국,J.J. 에이브럼스,씨제이이앤엠(주),12세이상관람가,['SF'],"['조엘 코트니', '엘르 패닝']",https://ssl.pstatic.net/imgmovie/mdi/mit110/0770/77039_P00_165752.jpg,https://movie.naver.com/movie/bi/mi/basic.nhn?code=77039,6.83
인 어 베러 월드,113,20110623,덴마크,수잔 비에르,㈜씨에이엔,12세이상관람가,['드라마'],"['미카엘 페르스브란트', '트린 디어홈', '율리히 톰센']",https://ssl.pstatic.net/imgmovie/mdi/mit110/0786/78681_P00_200433.jpg,https://movie.naver.com/movie/bi/mi/basic.nhn?code=78681,8.80
도가니,125,20110922,한국,황동혁,(주)삼거리픽쳐스,청소년관람불가,['드라마'],"['정유미', '공유', '허재호']",https://ssl.pstatic.net/imgmovie/mdi/mit110/0754/75413_P29_111906.jpg,https://movie.naver.com/movie/bi/mi/basic.nhn?code=75413,9.26
의뢰인,123,20110929,한국,손영성,청년필름(주),15세이상관람가,['스릴러'],"['박희순', '장혁', '하정우']",https://ssl.pstatic.net/imgmovie/mdi/mit110/1801/180169_P33_141001.jpg,https://movie.naver.com/movie/bi/mi/basic.nhn?code=180169,9.19
카운트다운,119,20110929,한국,허종호,(주)영화사봄,청소년관람불가,"['드라마', '액션']","['정재영', '전도연', '오만석']",https://ssl.pstatic.net/imgmovie/mdi/mit110/1810/181095_P01_110443.jpg,https://movie.naver.com/movie/bi/mi/basic.nhn?code=181095,5.53
최종병기 활,122,20110810,한국,김한민,(주)디씨지플러스,15세이상관람가,"['사극', '액션']","['박해일', '류승룡', '김무열']",https://ssl.pstatic.net/imgmovie/mdi/mit110/0830/83084_P35_175118.jpg,https://movie.naver.com/movie/bi/mi/basic.nhn?code=83084,7.90
어브덕션,105,20110929,미국,존 싱글톤,필라멘트픽쳐스,15세이상관람가,"['액션', '드라마', '미스터리']","['시고니 위버', '릴리 콜린스', '테일러 로트너']",https://ssl.pstatic.net/imgmovie/mdi/mit110/1043/104364_P01_163218.jpg,https://movie.naver.com/movie/bi/mi/basic.nhn?code=104364,6.23
코쿠리코 언덕에서,91,20110929,일본,미야자키 고로,씨제이이앤엠(주),12세이상관람가,"['애니메이션', '멜로/로맨스']",[],https://ssl.pstatic.net/imgmovie/mdi/mit110/0834/83410_P02_152717.jpg,https://movie.naver.com/movie/bi/mi/basic.nhn?code=83410,6.04
파퍼씨네 펭귄들,95,20110907,미국,마크 워터스,이십세기폭스코리아(주),전체관람가,['코미디'],"['안젤라 랜스베리', '짐 캐리', '칼라 구기노']",https://ssl.pstatic.net/imgmovie/mdi/mit110/0821/82142_P03_120147.gif,https://movie.naver.com/movie/bi/mi/basic.nhn?code=82142,8.50
컨테이젼,103,20110922,미국,스티븐 소더버그,워너브러더스 코리아(주),12세이상관람가,"['액션', 'SF', '스릴러']","['맷 데이먼', '기네스 팰트로우']",https://ssl.pstatic.net/imgmovie/mdi/mit110/1245/124514_P01_150726.jpg,https://movie.naver.com/movie/bi/mi/basic.nhn?code=124514,0.00
킬러 엘리트,116,20110922,미국,개리 맥켄드리,에스케이텔레콤(주),청소년관람불가,"['스릴러', '액션']","['로버트 드니로', '클라이브 오웬', '제이슨 스타뎀']",https://ssl.pstatic.net/imgmovie/mdi/mit110/1815/181541_P01_161304.jpg,https://movie.naver.com/movie/bi/mi/basic.nhn?code=181541,10.00
가문의 영광4 - 가문의 수난,103,20110907,한국,정태원,(주)태원엔터테인먼트,15세이상관람가,['코미디'],"['김수미', '신현준', '임형준']",https://ssl.pstatic.net/imgmovie/mdi/mit110/0635/63538_P04_164331.gif,https://movie.naver.com/movie/bi/mi/basic.nhn?code=63538,4.15
미션임파서블:고스트프로토콜,132,20111215,미국,브래드 버드,파라마운트 픽쳐스,15세이상관람가,['액션'],"['톰 크루즈', '제레미 레너']",https://ssl.pstatic.net/imgmovie/mdi/mit110/0533/53372_P12_111230.jpg,https://movie.naver.com/movie/bi/mi/basic.nhn?code=53372,8.73
마이 웨이,137,20111221,한국,강제규,(주)디렉터스,15세이상관람가,"['전쟁', '액션', '드라마']","['장동건', '오다기리 죠', '판빙빙']",https://ssl.pstatic.net/imgmovie/mdi/mit110/1712/171295_P01_140055.png,https://movie.naver.com/movie/bi/mi/basic.nhn?code=171295,0.00
셜록홈즈 : 그림자 게임,128,20111221,미국,가이 리치,워너브러더스 코리아(주),15세이상관람가,"['액션', '미스터리']","['로버트 다우니 주니어', '주드 로']",https://ssl.pstatic.net/imgmovie/mdi/mit110/0735/73508_P30_154625.jpg,https://movie.naver.com/movie/bi/mi/basic.nhn?code=73508,8.00
퍼펙트 게임,127,20111221,한국,박희곤,(주)동아수출공사,12세이상관람가,['드라마'],"['조승우', '양동근', '최정원']",https://ssl.pstatic.net/imgmovie/mdi/mit110/0760/76048_P02_103004.jpg,https://movie.naver.com/movie/bi/mi/basic.nhn?code=76048,8.93
프렌즈: 몬스터섬의비밀,88,20111229,일본,야마자키 타카시,(주)스마일이엔티,전체관람가,"['애니메이션', '어드벤처']","['이장원', '엄상현', '김서영']",https://ssl.pstatic.net/imgmovie/mdi/mit110/0884/88495_P15_112832.jpg,https://movie.naver.com/movie/bi/mi/basic.nhn?code=88495,8.88
라이온 킹,89,19940702,미국,로저 알러스,월트디즈니,연소자관람가,"['애니메이션', '어드벤처', '가족']","['매튜 브로데릭', '모이라 켈리', '조나단 테일러 토마스']",https://ssl.pstatic.net/imgmovie/mdi/mit110/1696/169637_P11_100355.jpg,https://movie.naver.com/movie/bi/mi/basic.nhn?code=169637,9.86
오싹한 연애,114,20111201,한국,황인호,상상필름(주),12세이상관람가,"['공포(호러)', '멜로/로맨스', '코미디']","['손예진', '이민기', '신동훈']",https://ssl.pstatic.net/imgmovie/mdi/mit110/0788/78851_P51_105523.jpg,https://movie.naver.com/movie/bi/mi/basic.nhn?code=78851,8.54
극장판 포켓몬스터 베스트 위시「비크티니와 백의 영웅 레시라무」,98,20111222,일본,유야마 쿠니히코,씨제이이앤엠(주),전체관람가,"['애니메이션', '판타지', '어드벤처']","['미즈키 나나', '마츠모토 리카']",https://ssl.pstatic.net/imgmovie/mdi/mit110/0861/86129_P16_153200.jpg,https://movie.naver.com/movie/bi/mi/basic.nhn?code=86129,7.85
앨빈과 슈퍼밴드3,,20111215,미국,마이크 미첼,이십세기폭스코리아(주),전체관람가,"['애니메이션', '코미디', '어드벤처']","['저스틴 롱', '제이슨 리', '매튜 그레이 구블러']",https://ssl.pstatic.net/imgmovie/mdi/mit110/0848/84843_P00_161434.jpg,https://movie.naver.com/movie/bi/mi/basic.nhn?code=84843,8.38
극장판 포켓몬스터 베스트 위시 「비크티니와 흑의 영웅 제크로무」,97,20111222,일본,유야마 쿠니히코,씨제이이앤엠(주),전체관람가,"['애니메이션', '판타지', '어드벤처']","['마츠모토 리카', '츠루노 타케시', '타카하시 히데키']",https://ssl.pstatic.net/imgmovie/mdi/mit110/0863/86347_P17_153252.jpg,https://movie.naver.com/movie/bi/mi/basic.nhn?code=86347,8.08
건축학개론,118,20120322,한국,이용주,(주)명필름,12세이상관람가,"['멜로/로맨스', '드라마']","['엄태웅', '한가인', '이제훈']",https://ssl.pstatic.net/imgmovie/mdi/mit110/0884/88426_P00_175131.jpg,https://movie.naver.com/movie/bi/mi/basic.nhn?code=88426,8.65
타이탄의 분노,100,20120329,미국,조나단 리브스만,워너브러더스 코리아(주),12세이상관람가,"['액션', '판타지']","['샘 워싱턴', '리암 니슨', '랄프 파인즈']",https://ssl.pstatic.net/imgmovie/mdi/mit110/0827/82799_P00_144903.jpg,https://movie.naver.com/movie/bi/mi/basic.nhn?code=82799,6.85
시체가 돌아왔다,110,20120329,한국,우선호,(주)씨네이천,15세이상관람가,"['범죄', '드라마']","['이범수', '류승범', '김옥빈']",https://ssl.pstatic.net/imgmovie/mdi/mit110/0848/84897_P01_105428.jpg,https://movie.naver.com/movie/bi/mi/basic.nhn?code=84897,7.42
언터처블: 1%의 우정,112,20120322,프랑스,올리비에르 나카체,(주)넥스트엔터테인먼트월드(NEW),12세이상관람가,"['코미디', '드라마']","['프랑수아 클뤼제', '오마 사이']",https://ssl.pstatic.net/imgmovie/mdi/mit110/0875/87566_P05_171824.jpg,https://movie.naver.com/movie/bi/mi/basic.nhn?code=87566,9.34
화차,117,20120308,한국,변영주,(주)영화제작소보임,15세이상관람가,['미스터리'],"['이선균', '김민희', '조성하']",https://ssl.pstatic.net/imgmovie/mdi/mit110/1527/152746_P01_115535.jpg,https://movie.naver.com/movie/bi/mi/basic.nhn?code=152746,0.00
스페이스 독,85,20120322,러시아,이나 예블라니코바,예지림엔터테인먼트,전체관람가,"['애니메이션', '코미디', '가족']","['엘레나 야코블레바', '안나 볼쇼바']",https://ssl.pstatic.net/imgmovie/mdi/mit110/1211/121109_P08_143733.jpg,https://movie.naver.com/movie/bi/mi/basic.nhn?code=121109,7.31
디스 민즈 워,97,20120229,미국,맥지,이십세기폭스코리아(주),15세이상관람가,"['액션', '코미디', '멜로/로맨스']","['리즈 위더스푼', '크리스 파인', '톰 하디']",https://ssl.pstatic.net/imgmovie/mdi/mit110/0766/76692_P04_171850.jpg,https://movie.naver.com/movie/bi/mi/basic.nhn?code=76692,8.20
존 카터: 바숨 전쟁의 서막,132,20120308,미국,앤드류 스탠튼,한국소니픽쳐스릴리징브에나비스타영화㈜,12세이상관람가,"['SF', '액션']","['테일러 키취', '린 콜린스', '윌렘 데포']",https://ssl.pstatic.net/imgmovie/mdi/mit110/0867/86784_P15_143110.jpg,https://movie.naver.com/movie/bi/mi/basic.nhn?code=86784,7.53
크로니클,84,20120315,미국,조쉬 트랭크,이십세기폭스코리아(주),15세이상관람가,"['액션', '스릴러']","['데인 드한', '알렉스 러셀', '마이클 B. 조던']",https://ssl.pstatic.net/imgmovie/mdi/mit110/1717/171764_P00_141944.jpg,https://movie.naver.com/movie/bi/mi/basic.nhn?code=171764,3.17
범죄와의 전쟁: 나쁜놈들 전성시대,133,20120202,한국,윤종빈,(주)팔레트픽처스,청소년관람불가,"['범죄', '드라마']","['최민식', '하정우', '조진웅']",https://ssl.pstatic.net/imgmovie/mdi/mit110/0825/82540_P13_161030.jpg,https://movie.naver.com/movie/bi/mi/basic.nhn?code=82540,8.62
어메이징 스파이더맨,136,20120628,미국,마크 웹,한국소니픽쳐스릴리징브에나비스타영화㈜,12세이상관람가,['액션'],"['앤드류 가필드', '엠마 스톤', '마틴 쉰']",,https://movie.naver.com/movie/bi/mi/basic.nhn?code=121059,9.08
마다가스카3 : 이번엔 서커스다!,93,20120606,미국,에릭 다넬,씨제이이앤엠(주),전체관람가,"['애니메이션', '어드벤처', '코미디']","['벤 스틸러', '크리스 록', '데이빗 쉼머']",https://ssl.pstatic.net/imgmovie/mdi/mit110/0863/86381_P63_174049.jpg,https://movie.naver.com/movie/bi/mi/basic.nhn?code=86381,9.02
내 아내의 모든 것,121,20120517,한국,민규동,(주)수필름,15세이상관람가,"['코미디', '멜로/로맨스']","['임수정', '이선균', '류승룡']",https://ssl.pstatic.net/imgmovie/mdi/mit110/0896/89606_P10_161836.jpg,https://movie.naver.com/movie/bi/mi/basic.nhn?code=89606,8.56
후궁 : 제왕의 첩,122,20120606,한국,김대승,(주)황기성 사단,청소년관람불가,"['사극', '멜로/로맨스']","['조여정', '김동욱', '김민준']",https://ssl.pstatic.net/imgmovie/mdi/mit110/0893/89361_P12_100258.jpg,https://movie.naver.com/movie/bi/mi/basic.nhn?code=89361,6.83
캐빈 인 더 우즈,95,20120628,미국,드류 고다드,롯데쇼핑㈜롯데엔터테인먼트,청소년관람불가,"['공포(호러)', '스릴러']","['크리스 헴스워스', '크리스틴 코놀리', '안나 허치슨']",https://ssl.pstatic.net/imgmovie/mdi/mit110/0685/68587_P14_102232.jpg,https://movie.naver.com/movie/bi/mi/basic.nhn?code=68587,7.00
미쓰GO,115,20120621,한국,박철관,영화사 도로시(주),15세이상관람가,"['액션', '코미디', '범죄']","['고현정', '유해진', '성동일']",https://ssl.pstatic.net/imgmovie/mdi/mit110/0806/80664_P02_145656.jpg,https://movie.naver.com/movie/bi/mi/basic.nhn?code=80664,5.12
아부의 왕,118,20120621,한국,정승구,(주)황금주전자,15세이상관람가,['코미디'],"['송새벽', '성동일', '김성령']",https://ssl.pstatic.net/imgmovie/mdi/mit110/0906/90674_P00_143608.jpg,https://movie.naver.com/movie/bi/mi/basic.nhn?code=90674,5.65
차형사,110,20120530,한국,신태라,(주)영화사홍,15세이상관람가,"['코미디', '액션']","['강지환', '성유리', '이수혁']",https://ssl.pstatic.net/imgmovie/mdi/mit110/0882/88252_P12_155619.jpg,https://movie.naver.com/movie/bi/mi/basic.nhn?code=88252,7.46
락아웃: 익스트림미션,94,20120614,미국,스테판 St. 레게르,롯데쇼핑㈜롯데엔터테인먼트,15세이상관람가,"['SF', '액션', '스릴러']","['가이 피어스', '매기 그레이스', '조셉 길건']",https://ssl.pstatic.net/imgmovie/mdi/mit110/0868/86862_P44_134828.jpg,https://movie.naver.com/movie/bi/mi/basic.nhn?code=86862,6.47
두 번의 결혼식과 한 번의 장례식,106,20120621,한국,김조광수,청년필름(주),15세이상관람가,"['코미디', '멜로/로맨스']","['김동윤', '류현경', '송용진']",https://ssl.pstatic.net/imgmovie/mdi/mit110/0749/74954_P33_145338.jpg,https://movie.naver.com/movie/bi/mi/basic.nhn?code=74954,8.07
"광해, 왕이 된 남자",131,20120913,한국,추창민,리얼라이즈픽쳐스(주),15세이상관람가,"['사극', '드라마']","['이병헌', '류승룡', '한효주']",https://ssl.pstatic.net/imgmovie/mdi/mit110/0838/83893_P09_112146.jpg,https://movie.naver.com/movie/bi/mi/basic.nhn?code=83893,9.24
테이큰 2,92,20120927,프랑스,올리비에 메가턴,이십세기폭스코리아(주),청소년관람불가,"['액션', '범죄', '드라마']","['리암 니슨', '매기 그레이스', '팜케 얀센']",https://ssl.pstatic.net/imgmovie/mdi/mit110/1244/124476_P01_105202.jpg,https://movie.naver.com/movie/bi/mi/basic.nhn?code=124476,0.00
메리다와 마법의 숲,102,20120927,미국,마크 앤드류스,한국소니픽쳐스릴리징브에나비스타영화㈜,전체관람가,['애니메이션'],"['켈리 맥도날드', '빌리 코놀리', '엠마 톰슨']",https://ssl.pstatic.net/imgmovie/mdi/mit110/0766/76691_P65_145705.jpg,https://movie.naver.com/movie/bi/mi/basic.nhn?code=76691,7.64
간첩,115,20120920,한국,우민호,(주)영화사울림,15세이상관람가,"['드라마', '코미디', '액션']","['김명민', '염정아', '유해진']",https://ssl.pstatic.net/imgmovie/mdi/mit110/0924/92471_P25_174604.jpg,https://movie.naver.com/movie/bi/mi/basic.nhn?code=92471,7.18
점쟁이들,119,20121003,한국,신정원,(주)사람엔터테인먼트,15세이상관람가,"['코미디', '공포(호러)']","['김수로', '오상철', '강예원']",https://ssl.pstatic.net/imgmovie/mdi/mit110/0884/88453_P54_164903.jpg,https://movie.naver.com/movie/bi/mi/basic.nhn?code=88453,5.80
19곰 테드,106,20120927,미국,세스 맥팔레인,유니버설픽쳐스인터내셔널 코리아(유),청소년관람불가,"['코미디', '판타지']","['마크 월버그', '밀라 쿠니스', '세스 맥팔레인']",https://ssl.pstatic.net/imgmovie/mdi/mit110/1044/104426_P34_112925.jpg,https://movie.naver.com/movie/bi/mi/basic.nhn?code=104426,7.35
테드: 황금도시 파이티티를 찾아서,92,20120920,스페인,엔리케 가토,(주)싸이더스,전체관람가,['애니메이션'],"['하동훈', '윤보라']",https://ssl.pstatic.net/imgmovie/mdi/mit110/0941/94190_P02_155614.jpg,https://movie.naver.com/movie/bi/mi/basic.nhn?code=94190,7.93
늑대아이,117,20120913,일본,호소다 마모루,(주)미디어데이,전체관람가,"['애니메이션', '판타지', '멜로/로맨스']","['미야자키 아오이', '오사와 타카오']",https://ssl.pstatic.net/imgmovie/mdi/mit110/1785/178513_P01_163027.jpg,https://movie.naver.com/movie/bi/mi/basic.nhn?code=178513,0.00
피에타,104,20120906,한국,김기덕,(주)김기덕 필름,청소년관람불가,['드라마'],"['조민수', '이정진', '권세인']",https://ssl.pstatic.net/imgmovie/mdi/mit110/1373/137350_P10_112159.jpg,https://movie.naver.com/movie/bi/mi/basic.nhn?code=137350,8.35
도둑들,135,20120725,한국,최동훈,(주)케이퍼필름,15세이상관람가,"['액션', '범죄']","['김윤석', '김혜수', '이정재']",https://ssl.pstatic.net/imgmovie/mdi/mit110/1782/178203_P01_163239.jpg,https://movie.naver.com/movie/bi/mi/basic.nhn?code=178203,0.00
타워,121,20121225,한국,김지훈,씨제이이앤엠(주),12세이상관람가,['드라마'],"['설경구', '손예진', '김상경']",https://ssl.pstatic.net/imgmovie/mdi/mit110/1814/181420_P01_113442.jpg,https://movie.naver.com/movie/bi/mi/basic.nhn?code=181420,0.00
레미제라블,158,20121219,미국,톰 후퍼,유니버설픽쳐스인터내셔널 코리아(유),12세이상관람가,['드라마'],"['휴 잭맨', '러셀 크로우', '앤 해서웨이']",https://ssl.pstatic.net/imgmovie/mdi/mit110/1852/185276_P01_160458.jpg,https://movie.naver.com/movie/bi/mi/basic.nhn?code=185276,0.00
라이프 오브 파이,126,20130101,미국,이안,주식회사 해리슨앤컴퍼니,전체관람가,"['어드벤처', '드라마']","['수라즈 샤르마', '이르판 칸', '라프 스팰']",https://ssl.pstatic.net/imgmovie/mdi/mit110/0873/87309_P40_102555.jpg,https://movie.naver.com/movie/bi/mi/basic.nhn?code=87309,8.85
반창꼬,120,20121219,한국,정기훈,(주)영화사오름,15세이상관람가,['멜로/로맨스'],"['고수', '한효주', '마동석']",https://ssl.pstatic.net/imgmovie/mdi/mit110/0910/91045_P22_161618.jpg,https://movie.naver.com/movie/bi/mi/basic.nhn?code=91045,8.57
호빗: 뜻밖의 여정,169,20121213,미국,피터 잭슨,워너브러더스 코리아(주),12세이상관람가,"['어드벤처', '판타지']","['마틴 프리먼', '이안 맥켈런', '리차드 아미티지']",https://ssl.pstatic.net/imgmovie/mdi/mit110/0680/68073_P77_163654.jpg,https://movie.naver.com/movie/bi/mi/basic.nhn?code=68073,8.42
주먹왕 랄프,108,20121219,미국,리치 무어,소니픽쳐스릴리징월트디즈니스튜디오스코리아(주),전체관람가,['애니메이션'],"['존 C. 라일리', '잭 맥브레이어', '제인 린치']",https://ssl.pstatic.net/imgmovie/mdi/mit110/1526/152632_P19_104759.jpg,https://movie.naver.com/movie/bi/mi/basic.nhn?code=152632,8.70
가문의 영광5 - 가문의 귀환,104,20121219,한국,정용기,(주)태원엔터테인먼트,15세이상관람가,['코미디'],"['조성현', '정준호', '김민정']",https://ssl.pstatic.net/imgmovie/mdi/mit110/0969/96969_P15_104202.jpg,https://movie.naver.com/movie/bi/mi/basic.nhn?code=96969,6.05
잠베지아: 신비한 나무섬의 비밀,83,20121225,남아프리카공화국,웨인 쏜리,롯데쇼핑㈜롯데엔터테인먼트,전체관람가,['애니메이션'],"['사무엘 L. 잭슨', '아비게일 브레스린', '제프 골드블럼']",https://ssl.pstatic.net/imgmovie/mdi/mit110/0917/91703_P15_151909.jpg,https://movie.naver.com/movie/bi/mi/basic.nhn?code=91703,8.70
니코: 산타비행단의 모험,76,20121225,핀란드,캐리 주스넌,씨너스엔터테인먼트(주),전체관람가,"['애니메이션', '어드벤처', '가족']","['카리 히타라티', '카리 케토넨', '엘레나 크니틸라']",https://ssl.pstatic.net/imgmovie/mdi/mit110/1009/100926_P00_105755.jpg,https://movie.naver.com/movie/bi/mi/basic.nhn?code=100926,8.47
나의 PS 파트너,114,20121206,한국,변성현,나의PS파트너 문화산업전문회사,청소년관람불가,"['멜로/로맨스', '코미디']","['지성', '김아중', '신소율']",https://ssl.pstatic.net/imgmovie/mdi/mit110/0908/90885_P24_115143.jpg,https://movie.naver.com/movie/bi/mi/basic.nhn?code=90885,8.23
지.아이.조 2,110,20130328,미국,존 추,파라마운트 픽쳐스,15세이상관람가,"['액션', '어드벤처', 'SF']","['이병헌', '브루스 윌리스', '드웨인 존슨']",https://ssl.pstatic.net/imgmovie/mdi/mit110/0724/72405_P65_102151.jpg,https://movie.naver.com/movie/bi/mi/basic.nhn?code=72405,7.06
연애의 온도,112,20130321,한국,노덕,(주)뱅가드스튜디오,청소년관람불가,"['멜로/로맨스', '코미디']","['이민기', '김민희', '최무성']",https://ssl.pstatic.net/imgmovie/mdi/mit110/0969/96959_P35_144245.jpg,https://movie.naver.com/movie/bi/mi/basic.nhn?code=96959,7.44
파파로티,127,20130314,한국,윤종찬,케이엠컬쳐㈜,15세이상관람가,['드라마'],"['한석규', '이제훈', '오달수']",https://ssl.pstatic.net/imgmovie/mdi/mit110/0856/85640_P36_134257.jpg,https://movie.naver.com/movie/bi/mi/basic.nhn?code=85640,8.25
신세계,134,20130221,한국,박훈정,(주)사나이픽처스,청소년관람불가,"['범죄', '액션']","['이정재', '최민식', '황정민']",https://ssl.pstatic.net/imgmovie/mdi/mit110/1779/177981_P01_164728.jpg,https://movie.naver.com/movie/bi/mi/basic.nhn?code=177981,0.00
웜 바디스,97,20130314,미국,조나단 레빈,씨제이이앤엠(주),15세이상관람가,"['멜로/로맨스', '액션']","['니콜라스 홀트', '테레사 팔머', '존 말코비치']",https://ssl.pstatic.net/imgmovie/mdi/mit110/0920/92047_P43_135102.jpg,https://movie.naver.com/movie/bi/mi/basic.nhn?code=92047,8.52
7번방의 선물,127,20130123,한국,이환경,(주)화인웍스,15세이상관람가,"['코미디', '드라마']","['류승룡', '박신혜', '갈소원']",https://ssl.pstatic.net/imgmovie/mdi/mit110/0947/94775_P00_102022.jpg,https://movie.naver.com/movie/bi/mi/basic.nhn?code=94775,8.83
장고:분노의 추적자,165,20130321,미국,쿠엔틴 타란티노,소니픽쳐스릴리징월트디즈니스튜디오스코리아(주),청소년관람불가,"['서부극(웨스턴)', '드라마']","['레오나르도 디카프리오', '제이미 폭스', '크리스토프 왈츠']",https://ssl.pstatic.net/imgmovie/mdi/mit110/0873/87311_P47_140344.jpg,https://movie.naver.com/movie/bi/mi/basic.nhn?code=87311,8.47
웃는 남자,94,20130328,프랑스,장 피에르 아메리스,씨너스엔터테인먼트(주),15세이상관람가,"['미스터리', '판타지']","['제라르 드빠르디유', '마크 앙드레 그롱당', '크리스타 테렛']",,https://movie.naver.com/movie/bi/mi/basic.nhn?code=181070,0.00
안나 카레니나,130,20130321,미국,조 라이트,유니버설픽쳐스인터내셔널 코리아(유),15세이상관람가,['드라마'],"['키이라 나이틀리', '주드 로', '애런 존슨']",https://ssl.pstatic.net/imgmovie/mdi/mit110/1760/176008_P01_174945.png,https://movie.naver.com/movie/bi/mi/basic.nhn?code=176008,8.50
지슬 - 끝나지 않은 세월2,108,20130321,한국,오멸,주식회사 자파리필름,15세이상관람가,['드라마'],"['이경준', '홍상표', '문석범']",https://ssl.pstatic.net/imgmovie/mdi/mit110/0993/99354_P14_161358.jpg,https://movie.naver.com/movie/bi/mi/basic.nhn?code=99354,6.21
월드 워 Z,115,20130620,미국,마크 포스터,플랜 비 엔터테인먼트,15세이상관람가,"['드라마', '스릴러', 'SF']","['브래드 피트', '미레유 에노스', '매튜 폭스']",https://ssl.pstatic.net/imgmovie/mdi/mit110/0517/51777_P39_121351.jpg,https://movie.naver.com/movie/bi/mi/basic.nhn?code=51777,8.21
더 웹툰: 예고살인,104,20130627,한국,김용균,(주)필마픽쳐스 ,15세이상관람가,"['공포(호러)', '스릴러']","['이시영', '엄기준', '정현태']",https://ssl.pstatic.net/imgmovie/mdi/mit110/0969/96917_P04_104620.jpg,https://movie.naver.com/movie/bi/mi/basic.nhn?code=96917,7.22
화이트 하우스 다운,131,20130627,미국,롤랜드 에머리히,소니픽쳐스릴리징월트디즈니스튜디오스코리아(주),15세이상관람가,"['액션', '드라마']","['채닝 테이텀', '제이미 폭스', '매기 질렌할']",https://ssl.pstatic.net/imgmovie/mdi/mit110/1448/144815_P01_120734.jpg,https://movie.naver.com/movie/bi/mi/basic.nhn?code=144815,7.17
은밀하게 위대하게,123,20130605,한국,장철수,(주)엠씨엠씨,15세이상관람가,"['액션', '코미디', '드라마']","['김수현', '박기웅', '이현우']",https://ssl.pstatic.net/imgmovie/mdi/mit110/0925/92575_P12_175811.jpg,https://movie.naver.com/movie/bi/mi/basic.nhn?code=92575,7.11
맨 오브 스틸,142,20130613,미국,잭 스나이더,워너브러더스 코리아(주),12세이상관람가,['SF'],"['헨리 카빌', '에이미 아담스', '러셀 크로우']",https://ssl.pstatic.net/imgmovie/mdi/mit110/1099/109960_P40_151903.jpg,https://movie.naver.com/movie/bi/mi/basic.nhn?code=109960,6.85
빅 웨딩,87,20130627,미국,저스틴 잭햄,(주)나이너스엔터테인먼트,청소년관람불가,"['멜로/로맨스', '코미디']","['아만다 사이프리드', '벤 반스', '로버트 드니로']",https://ssl.pstatic.net/imgmovie/mdi/mit110/1755/175590_P01_154005.jpg,https://movie.naver.com/movie/bi/mi/basic.nhn?code=175590,0.00
스타트렉 다크니스,131,20130530,미국,J.J. 에이브럼스,파라마운트 픽쳐스,12세이상관람가,"['액션', 'SF', '어드벤처']","['크리스 파인', '칼 어번', '조 샐다나']",https://ssl.pstatic.net/imgmovie/mdi/mit110/0745/74565_P50_114752.jpg,https://movie.naver.com/movie/bi/mi/basic.nhn?code=74565,8.97
쥬라기 공원,126,19930717,미국,스티븐 스필버그,유니버셜 픽쳐스,중학생이상관람가,"['SF', '액션', '어드벤처']","['샘 닐', '로라 던', '제프 골드블럼']",https://ssl.pstatic.net/imgmovie/mdi/mit110/0677/67786_P13_165943.jpg,https://movie.naver.com/movie/bi/mi/basic.nhn?code=67786,7.88
비포 미드나잇,108,20130522,미국,리차드 링클레이터,(주)팝엔터테인먼트,청소년관람불가,['드라마'],"['에단 호크', '줄리 델피', '샤무스 데이비 피츠패트릭']",https://ssl.pstatic.net/imgmovie/mdi/mit110/1023/102309_P19_104650.jpg,https://movie.naver.com/movie/bi/mi/basic.nhn?code=102309,8.16
라스트 엑소시즘: 잠들지 않는 영혼,88,20130627,미국,에드 게스-도넬리,(주)팝파트너스,15세이상관람가,"['공포(호러)', '스릴러']","['애슐리 벨', '스펜서 트리트 클라크', '앤드류 센세닉']",https://ssl.pstatic.net/imgmovie/mdi/mit110/1016/101645_P23_144432.jpg,https://movie.naver.com/movie/bi/mi/basic.nhn?code=101645,6.82
관상,139,20130911,한국,한재림,(주)주피터필름,15세이상관람가,"['사극', '드라마']","['송강호', '이정재', '백윤식']",,https://movie.naver.com/movie/bi/mi/basic.nhn?code=148632,0.00
컨저링,111,20130917,미국,제임스 완,워너브러더스 코리아(주),15세이상관람가,"['공포(호러)', '스릴러']","['베라 파미가', '패트릭 윌슨', '릴리 테일러']",https://ssl.pstatic.net/imgmovie/mdi/mit110/1753/175317_P01_152353.jpg,https://movie.naver.com/movie/bi/mi/basic.nhn?code=175317,2.40
스파이,121,20130905,한국,이승준,(주)제이케이필름,15세이상관람가,['액션'],"['설경구', '문소리', '다니엘 헤니']",,https://movie.naver.com/movie/bi/mi/basic.nhn?code=172780,10.00
히든 카드,91,20130926,미국,브래드 퍼맨,이십세기폭스코리아(주),청소년관람불가,"['범죄', '스릴러']","['저스틴 팀버레이크', '벤 애플렉', '젬마 아터튼']",https://ssl.pstatic.net/imgmovie/mdi/mit110/0984/98404_P25_152454.jpg,https://movie.naver.com/movie/bi/mi/basic.nhn?code=98404,6.06
블루 재스민,98,20130925,미국,우디 앨런,(주)인벤트스톤,15세이상관람가,['드라마'],"['케이트 블란쳇', '알렉 볼드윈']",https://ssl.pstatic.net/imgmovie/mdi/mit110/1043/104331_P23_144522.jpg,https://movie.naver.com/movie/bi/mi/basic.nhn?code=104331,8.52
섀도우 헌터스: 뼈의 도시,129,20130912,미국,해럴드 즈워트,롯데쇼핑㈜롯데엔터테인먼트,15세이상관람가,"['판타지', '액션']","['릴리 콜린스', '제이미 캠벨 바우어', '케빈 지거스']",https://ssl.pstatic.net/imgmovie/mdi/mit110/0842/84216_P18_103742.jpg,https://movie.naver.com/movie/bi/mi/basic.nhn?code=84216,7.31
퍼시 잭슨과 괴물의 바다,106,20130912,미국,쏘어 프류덴탈,이십세기폭스코리아(주),12세이상관람가,"['판타지', '어드벤처']","['로건 레먼', '알렉산드리아 다다리오', '브랜든 T. 잭슨']",https://ssl.pstatic.net/imgmovie/mdi/mit110/0931/93158_P31_115037.jpg,https://movie.naver.com/movie/bi/mi/basic.nhn?code=93158,7.80
슈퍼배드 2,98,20130912,미국,크리스 리노드,유니버설픽쳐스인터내셔널 코리아(유),전체관람가,['애니메이션'],"['알 파치노', '스티브 카렐', '미란다 코스그로브']",https://ssl.pstatic.net/imgmovie/mdi/mit110/0921/92176_P33_151344.jpg,https://movie.naver.com/movie/bi/mi/basic.nhn?code=92176,8.81
몬스터 대학교,110,20130912,미국,댄 스캔론,소니픽쳐스릴리징월트디즈니스튜디오스코리아(주),전체관람가,['애니메이션'],"['빌리 크리스탈', '존 굿맨', '스티브 부세미']",https://ssl.pstatic.net/imgmovie/mdi/mit110/0754/75415_P08_142744.jpg,https://movie.naver.com/movie/bi/mi/basic.nhn?code=75415,8.75
짓,108,20130925,한국,한종훈,㈜리필름,청소년관람불가,['멜로/로맨스'],"['서은아', '서태화', '김희정']",https://ssl.pstatic.net/imgmovie/mdi/mit110/1734/173468_P00_165142.jpg,https://movie.naver.com/movie/bi/mi/basic.nhn?code=173468,0.00
변호인,126,20131218,한국,양우석,위더스필름(주),15세이상관람가,['드라마'],"['송강호', '김영애', '오달수']",https://ssl.pstatic.net/imgmovie/mdi/mit110/1378/137865_P01_193055.jpg,https://movie.naver.com/movie/bi/mi/basic.nhn?code=137865,9.09
용의자,137,20131224,한국,원신연,(주)그린피쉬,15세이상관람가,"['액션', '스릴러']","['공유', '박희순', '조성하']",https://ssl.pstatic.net/imgmovie/mdi/mit110/1619/161944_P15_160131.jpg,https://movie.naver.com/movie/bi/mi/basic.nhn?code=161944,8.36
엔더스 게임,113,20131231,미국,개빈 후드,롯데쇼핑㈜롯데엔터테인먼트,12세이상관람가,"['SF', '액션', '어드벤처']","['해리슨 포드', '아사 버터필드', '헤일리 스테인펠드']",https://ssl.pstatic.net/imgmovie/mdi/mit110/0897/89723_P55_100228.jpg,https://movie.naver.com/movie/bi/mi/basic.nhn?code=89723,7.17
월터의 상상은 현실이 된다,114,20131231,미국,벤 스틸러,글뫼 주식회사,12세이상관람가,"['어드벤처', '코미디', '드라마']","['벤 스틸러', '크리스틴 위그', '숀 펜']",https://ssl.pstatic.net/imgmovie/mdi/mit110/0978/97858_P55_111921.jpg,https://movie.naver.com/movie/bi/mi/basic.nhn?code=97858,8.70
썬더와 마법저택,85,20131224,벨기에,벤 스타센,씨제이이앤엠(주),전체관람가,"['애니메이션', '어드벤처', '가족']","['김태균', '정찬우']",https://ssl.pstatic.net/imgmovie/mdi/mit110/1162/116251_P37_113927.jpg,https://movie.naver.com/movie/bi/mi/basic.nhn?code=116251,8.81
어바웃 타임,123,20131205,영국,리차드 커티스,유니버설픽쳐스인터내셔널 코리아(유),15세이상관람가,"['멜로/로맨스', '코미디']","['레이첼 맥아담스', '도널 글리슨', '빌 나이']",https://ssl.pstatic.net/imgmovie/mdi/mit110/0920/92075_P31_154949.jpg,https://movie.naver.com/movie/bi/mi/basic.nhn?code=92075,9.16
저스틴,96,20131231,스페인,마누엘 시실라,(주)넥스트엔터테인먼트월드(NEW),전체관람가,"['애니메이션', '어드벤처']","['박형식', '이순재', '박근형']",https://ssl.pstatic.net/imgmovie/mdi/mit110/1845/184567_P01_153901.jpg,https://movie.naver.com/movie/bi/mi/basic.nhn?code=184567,0.00
호빗: 스마우그의 폐허,161,20131212,미국,피터 잭슨,워너브러더스 코리아(주),12세이상관람가,"['어드벤처', '드라마', '판타지']","['마틴 프리먼', '베네딕트 컴버배치', '케이트 블란쳇']",https://ssl.pstatic.net/imgmovie/mdi/mit110/0745/74566_P20_140054.jpg,https://movie.naver.com/movie/bi/mi/basic.nhn?code=74566,8.48
다이노소어 어드벤처 3D,87,20131219,미국,베리 쿡,이십세기폭스코리아(주),전체관람가,"['액션', '가족']","['배한성', '이광수']",https://ssl.pstatic.net/imgmovie/mdi/mit110/1009/100930_P19_171818.jpg,https://movie.naver.com/movie/bi/mi/basic.nhn?code=100930,9.00
집으로 가는 길,130,20131211,한국,방은진,씨제이이앤엠(주),15세이상관람가,['드라마'],"['전도연', '고수', '류태호']",https://ssl.pstatic.net/imgmovie/mdi/mit110/1785/178535_P01_170536.jpg,https://movie.naver.com/movie/bi/mi/basic.nhn?code=178535,0.00
캡틴 아메리카: 윈터 솔져,135,20140326,미국,조 루소,소니픽쳐스릴리징월트디즈니스튜디오스코리아(주),15세이상관람가,"['액션', '어드벤처', 'SF']","['크리스 에반스', '스칼렛 요한슨', '사무엘 L. 잭슨']",https://ssl.pstatic.net/imgmovie/mdi/mit110/0963/96327_P25_165148.jpg,https://movie.naver.com/movie/bi/mi/basic.nhn?code=96327,8.92
노아,139,20140320,미국,대런 아로노프스키,씨제이이앤엠(주),15세이상관람가,"['어드벤처', '드라마', '판타지']","['러셀 크로우', '엠마 왓슨', '로건 레먼']",,https://movie.naver.com/movie/bi/mi/basic.nhn?code=184729,0.00
우아한 거짓말,117,20140313,한국,이한,(주)유비유필름,12세이상관람가,['드라마'],"['김희애', '고아성', '김유정']",https://ssl.pstatic.net/imgmovie/mdi/mit110/1065/106522_P17_093858.jpg,https://movie.naver.com/movie/bi/mi/basic.nhn?code=106522,8.36
그랜드 부다페스트 호텔,99,20140320,미국,웨스 앤더슨,(주)피터팬픽쳐스,청소년관람불가,"['미스터리', '어드벤처']","['랄프 파인즈', '틸다 스윈튼', '주드 로']",https://ssl.pstatic.net/imgmovie/mdi/mit110/0976/97612_P65_134400.jpg,https://movie.naver.com/movie/bi/mi/basic.nhn?code=97612,8.38
논스톱,106,20140227,미국,자움 콜렛 세라,(주)넥스트엔터테인먼트월드(NEW),15세이상관람가,['액션'],"['리암 니슨', '줄리안 무어', '미쉘 독커리']",https://ssl.pstatic.net/imgmovie/mdi/mit110/1768/176896_P06_171842.jpg,https://movie.naver.com/movie/bi/mi/basic.nhn?code=176896,7.08
쓰리데이즈 투 킬,115,20140403,미국,맥지,롯데쇼핑㈜롯데엔터테인먼트,15세이상관람가,"['액션', '스릴러']","['케빈 코스트너', '앰버 허드', '헤일리 스테인펠드']",https://ssl.pstatic.net/imgmovie/mdi/mit110/1006/100610_P07_113457.jpg,https://movie.naver.com/movie/bi/mi/basic.nhn?code=100610,7.35
수상한 그녀,124,20140122,한국,황동혁,(주)예인플러스엔터테인먼트,15세이상관람가,['드라마'],"['심은경', '나문희', '박인환']",https://ssl.pstatic.net/imgmovie/mdi/mit110/1447/144774_P07_171631.jpg,https://movie.naver.com/movie/bi/mi/basic.nhn?code=144774,8.04
300: 제국의 부활,102,20140306,미국,노암 머로,워너브러더스 코리아(주),청소년관람불가,"['액션', '드라마', '전쟁']","['레나 헤디', '에바 그린', '설리반 스탭플턴']",https://ssl.pstatic.net/imgmovie/mdi/mit110/0911/91192_P21_170603.jpg,https://movie.naver.com/movie/bi/mi/basic.nhn?code=91192,7.18
몬스터,113,20140313,한국,황인호,상상필름(주),청소년관람불가,['스릴러'],"['이민기', '김고은', '안서현']",https://ssl.pstatic.net/imgmovie/mdi/mit110/1373/137327_P00_140548.jpg,https://movie.naver.com/movie/bi/mi/basic.nhn?code=137327,9.06
선 오브 갓,137,20140410,미국,크리스토퍼 스펜서,(주)프레인글로벌,12세이상관람가,['드라마'],"['디오고 모르가도', '세바스찬 냅', '다윈 쇼']",https://ssl.pstatic.net/imgmovie/mdi/mit110/1183/118364_P18_113226.jpg,https://movie.naver.com/movie/bi/mi/basic.nhn?code=118364,7.95
트랜스포머: 사라진 시대,164,20140625,미국,마이클 베이,씨제이이앤엠(주),12세이상관람가,"['액션', 'SF', '어드벤처']","['마크 월버그', '제시카 고메즈', '니콜라 펠츠']",https://ssl.pstatic.net/imgmovie/mdi/mit110/1006/100691_P20_111038.jpg,https://movie.naver.com/movie/bi/mi/basic.nhn?code=100691,6.59
끝까지 간다,110,20140529,한국,김성훈,(주)에이디사공육,15세이상관람가,"['액션', '스릴러', '범죄']","['이선균', '조진웅', '신정근']",https://ssl.pstatic.net/imgmovie/mdi/mit110/1764/176453_P01_103145.jpg,https://movie.naver.com/movie/bi/mi/basic.nhn?code=176453,7.44
엣지 오브 투모로우,113,20140604,미국,더그 라이만,워너브러더스 코리아(주),12세이상관람가,"['액션', 'SF']","['톰 크루즈', '에밀리 블런트', '빌 팩스톤']",https://ssl.pstatic.net/imgmovie/mdi/mit110/0905/90589_P52_110051.jpg,https://movie.naver.com/movie/bi/mi/basic.nhn?code=90589,8.94
창문 넘어 도망친 100세 노인,114,20140618,스웨덴,플렉스 할그렌,(주)영화사 빅,15세이상관람가,"['어드벤처', '코미디', '드라마']","['로버트 구스타프슨', '이와 위클란더', '앨런 포드']",https://ssl.pstatic.net/imgmovie/mdi/mit110/1230/123050_P10_152036.jpg,https://movie.naver.com/movie/bi/mi/basic.nhn?code=123050,7.82
그레이스 오브 모나코,102,20140618,프랑스,올리비에 다한,(주)쇼박스,12세이상관람가,['드라마'],"['니콜 키드먼', '팀 로스', '프랭크 란젤라']",https://ssl.pstatic.net/imgmovie/mdi/mit110/0941/94133_P37_132050.jpg,https://movie.naver.com/movie/bi/mi/basic.nhn?code=94133,8.04
미녀와 야수,113,20140618,프랑스,크리스토프 갱스,(주)넥스트엔터테인먼트월드(NEW),전체관람가,"['판타지', '멜로/로맨스']","['레아 세이두', '뱅상 카셀']",https://ssl.pstatic.net/imgmovie/mdi/mit110/1368/136872_P12_113639.jpg,https://movie.naver.com/movie/bi/mi/basic.nhn?code=136872,8.79
황제를 위하여,104,20140611,한국,박상준,오퍼스픽쳐스(유),청소년관람불가,"['액션', '범죄']","['장한새', '이민기', '박성웅']",https://ssl.pstatic.net/imgmovie/mdi/mit110/1189/118909_P32_114714.jpg,https://movie.naver.com/movie/bi/mi/basic.nhn?code=118909,6.06
그레이트 뷰티,140,20140612,이탈리아,파올로 소렌티노,(주)영화사 진진,청소년관람불가,['드라마'],['토니 세르빌로'],https://ssl.pstatic.net/imgmovie/mdi/mit110/1040/104072_P18_115646.jpg,https://movie.naver.com/movie/bi/mi/basic.nhn?code=104072,7.91
신의 한 수,117,20140703,한국,조범구,(주)메이스엔터테인먼트,청소년관람불가,"['범죄', '액션']","['정우성', '안성기', '이범수']",https://ssl.pstatic.net/imgmovie/mdi/mit110/1073/107373_P38_105115.jpg,https://movie.naver.com/movie/bi/mi/basic.nhn?code=107373,8.03
그녀,126,20140522,미국,스파이크 존즈,주식회사 더쿱,청소년관람불가,"['드라마', '멜로/로맨스']","['호아킨 피닉스', '스칼렛 요한슨', '에이미 아담스']",https://ssl.pstatic.net/imgmovie/mdi/mit110/1796/179627_P01_141251.jpg,https://movie.naver.com/movie/bi/mi/basic.nhn?code=179627,8.50
메이즈 러너,113,20140918,미국,웨스 볼,이십세기폭스코리아(주),12세이상관람가,"['액션', '미스터리', 'SF']","['딜런 오브라이언', '카야 스코델라리오', '윌 폴터']",https://ssl.pstatic.net/imgmovie/mdi/mit110/1772/177221_P01_135940.jpg,https://movie.naver.com/movie/bi/mi/basic.nhn?code=177221,5.00
비긴 어게인,103,20140813,미국,존 카니,판씨네마(주),15세이상관람가,['멜로/로맨스'],"['키이라 나이틀리', '마크 러팔로', '애덤 리바인']",https://ssl.pstatic.net/imgmovie/mdi/mit110/1346/134641_P01_164508.jpg,https://movie.naver.com/movie/bi/mi/basic.nhn?code=134641,10.00
타짜-신의 손,147,20140903,한국,강형철,(주)싸이더스,청소년관람불가,['드라마'],"['최승현', '신세경', '곽도원']",https://ssl.pstatic.net/imgmovie/mdi/mit110/0677/67769_P37_162158.jpg,https://movie.naver.com/movie/bi/mi/basic.nhn?code=67769,7.26
베리 굿 걸,90,20140925,미국,나오미 포너,(주)영화사 빅,15세이상관람가,"['멜로/로맨스', '드라마']","['다코타 패닝', '엘리자베스 올슨', '보이드 홀브룩']",https://ssl.pstatic.net/imgmovie/mdi/mit110/0955/95557_P07_103531.jpg,https://movie.naver.com/movie/bi/mi/basic.nhn?code=95557,7.17
해적: 바다로 간 산적,129,20140806,한국,이석훈,(주)하리마오픽쳐스,12세이상관람가,['어드벤처'],"['김남길', '손예진', '유해진']",https://ssl.pstatic.net/imgmovie/mdi/mit110/1028/102817_P23_104252.jpg,https://movie.naver.com/movie/bi/mi/basic.nhn?code=102817,8.27
툼스톤,113,20140918,미국,스콧 프랭크,(주)인벤트스톤,청소년관람불가,"['액션', '범죄', '드라마']","['리암 니슨', '보이드 홀브룩']",https://ssl.pstatic.net/imgmovie/mdi/mit110/0948/94829_P27_165355.jpg,https://movie.naver.com/movie/bi/mi/basic.nhn?code=94829,7.57
애나벨,98,20141002,미국,존 R. 레오네티,워너브러더스 코리아(주),15세이상관람가,['공포(호러)'],"['애나벨 월리스', '워드 호튼', '알프레 우다드']",,https://movie.naver.com/movie/bi/mi/basic.nhn?code=183850,10.00
인투 더 스톰,89,20140828,미국,스티븐 쿼일,워너브러더스 코리아(주),12세이상관람가,"['액션', '스릴러']","['리차드 아미티지', '사라 웨인 콜리스', '제레미 섬터']",https://ssl.pstatic.net/imgmovie/mdi/mit110/1765/176524_P01_160916.jpg,https://movie.naver.com/movie/bi/mi/basic.nhn?code=176524,5.67
프랭크,95,20140925,영국,레니 에이브러햄슨,(주)영화사 진진,15세이상관람가,"['코미디', '드라마']","['마이클 패스벤더', '도널 글리슨', '매기 질렌할']",https://ssl.pstatic.net/imgmovie/mdi/mit110/1746/174616_P01_173053.jpg,https://movie.naver.com/movie/bi/mi/basic.nhn?code=174616,0.00
마담 뺑덕,111,20141002,한국,임필성,(주)영화사동물의왕국,청소년관람불가,['멜로/로맨스'],"['정우성', '이솜', '박소영']",https://ssl.pstatic.net/imgmovie/mdi/mit110/1189/118974_P28_094312.jpg,https://movie.naver.com/movie/bi/mi/basic.nhn?code=118974,6.66
국제시장,126,20141217,한국,윤제균,(주)제이케이필름,12세이상관람가,['드라마'],"['황정민', '김윤진', '오달수']",https://ssl.pstatic.net/imgmovie/mdi/mit110/1028/102875_P42_100733.jpg,https://movie.naver.com/movie/bi/mi/basic.nhn?code=102875,9.01
테이큰 3,111,20150101,미국,올리비에 메가턴,이십세기폭스코리아(주),15세이상관람가,"['액션', '범죄', '스릴러']","['리암 니슨', '팜케 얀센', '매기 그레이스']",https://ssl.pstatic.net/imgmovie/mdi/mit110/1099/109982_P03_133458.jpg,https://movie.naver.com/movie/bi/mi/basic.nhn?code=109982,7.87
마다가스카의 펭귄,91,20141231,미국,에릭 다넬,씨제이이앤엠(주),전체관람가,"['애니메이션', '코미디', '어드벤처']","['베네딕트 컴버배치', '존 말코비치', '톰 맥그라스']",https://ssl.pstatic.net/imgmovie/mdi/mit110/1142/114276_P04_111037.jpg,https://movie.naver.com/movie/bi/mi/basic.nhn?code=114276,8.69
"님아, 그 강을 건너지 마오",85,20141127,한국,진모영,아거스필름,전체관람가,['다큐멘터리'],"['조병만', '강계열']",https://ssl.pstatic.net/imgmovie/mdi/mit110/1300/130013_P05_132145.jpg,https://movie.naver.com/movie/bi/mi/basic.nhn?code=130013,9.23
기술자들,116,20141224,한국,김홍선,(주)트리니티엔터테인먼트,15세이상관람가,"['범죄', '액션']","['김우빈', '김영철', '고창석']",https://ssl.pstatic.net/imgmovie/mdi/mit110/1177/117790_P26_133438.jpg,https://movie.naver.com/movie/bi/mi/basic.nhn?code=117790,7.09
호빗: 다섯 군대 전투,144,20141217,미국,피터 잭슨,워너브러더스 코리아(주),12세이상관람가,"['어드벤처', '판타지']","['마틴 프리먼', '이안 맥켈런', '리차드 아미티지']",https://ssl.pstatic.net/imgmovie/mdi/mit110/0978/97816_P15_141830.JPG,https://movie.naver.com/movie/bi/mi/basic.nhn?code=97816,8.48
개를 훔치는 완벽한 방법,109,20141231,한국,김성호,(주)삼거리픽쳐스,전체관람가,"['드라마', '가족']","['김혜자', '이레', '최민수']",https://ssl.pstatic.net/imgmovie/mdi/mit110/1120/112040_P24_101417.jpg,https://movie.naver.com/movie/bi/mi/basic.nhn?code=112040,9.03
눈의 여왕 2: 트롤의 마법거울,78,20141224,러시아,알렉세이 트시칠린,씨네그루(주)다우기술,전체관람가,"['애니메이션', '판타지', '가족']",[],https://ssl.pstatic.net/imgmovie/mdi/mit110/1297/129783_P20_114849.jpg,https://movie.naver.com/movie/bi/mi/basic.nhn?code=129783,7.65
상의원,127,20141224,한국,이원석,(주)영화사비단길,15세이상관람가,"['사극', '드라마']","['홍수민', '한석규', '고수']",https://ssl.pstatic.net/imgmovie/mdi/mit110/1177/117774_P35_142127.jpg,https://movie.naver.com/movie/bi/mi/basic.nhn?code=117774,7.82
인터스텔라,169,20141106,미국,크리스토퍼 놀란,워너브러더스 코리아(주),12세이상관람가,['SF'],"['매튜 매커너히', '앤 해서웨이', '마이클 케인']",https://ssl.pstatic.net/imgmovie/mdi/mit110/1495/149545_P01_162408.jpg,https://movie.naver.com/movie/bi/mi/basic.nhn?code=149545,4.01
분노의 질주: 더 세븐,137,20150401,미국,제임스 완,유니버설픽쳐스인터내셔널 코리아(유),15세이상관람가,"['액션', '범죄', '스릴러']","['빈 디젤', '폴 워커', '드웨인 존슨']",https://ssl.pstatic.net/imgmovie/mdi/mit110/1099/109905_P27_113938.jpg,https://movie.naver.com/movie/bi/mi/basic.nhn?code=109905,9.11
스물,115,20150325,한국,이병헌,(주)영화나무,15세이상관람가,"['코미디', '드라마']","['김우빈', '이준호', '강하늘']",https://ssl.pstatic.net/imgmovie/mdi/mit110/1691/169122_P01_133955.jpg,https://movie.naver.com/movie/bi/mi/basic.nhn?code=169122,0.00
위플래쉬,106,20150312,미국,데이미언 셔젤,(주)쇼박스,15세이상관람가,['드라마'],"['마일즈 텔러', 'J.K. 시몬스']",,https://movie.naver.com/movie/bi/mi/basic.nhn?code=133114,9.75
킹스맨 : 시크릿 에이전트,128,20150211,미국,매튜 본,이십세기폭스코리아(주),청소년관람불가,"['액션', '스릴러']","['콜린 퍼스', '태런 에저튼', '사무엘 L. 잭슨']",https://ssl.pstatic.net/imgmovie/mdi/mit110/1142/114249_P62_111022.jpg,https://movie.naver.com/movie/bi/mi/basic.nhn?code=114249,8.82
신데렐라,113,20150319,미국,케네스 브래너,월트디즈니컴퍼니코리아(주),전체관람가,['멜로/로맨스'],"['릴리 제임스', '리처드 매든', '케이트 블란쳇']",https://ssl.pstatic.net/imgmovie/mdi/mit110/1819/181959_P11_114544.jpg,https://movie.naver.com/movie/bi/mi/basic.nhn?code=181959,6.43
인서전트,119,20150325,미국,로베르트 슈벤트케,롯데쇼핑㈜롯데엔터테인먼트,15세이상관람가,"['SF', '액션']","['쉐일린 우들리', '테오 제임스', '케이트 윈슬렛']",https://ssl.pstatic.net/imgmovie/mdi/mit110/1194/119452_P23_132919.jpg,https://movie.naver.com/movie/bi/mi/basic.nhn?code=119452,6.93
송 원,88,20150401,미국,케이트 베커-플로이랜드,(주)박수엔터테인먼트,15세이상관람가,"['드라마', '멜로/로맨스']","['앤 해서웨이', '자니 플린']",https://ssl.pstatic.net/imgmovie/mdi/mit110/1091/109169_P10_111050.jpg,https://movie.naver.com/movie/bi/mi/basic.nhn?code=109169,6.27
장수상회,112,20150409,한국,강제규,(주)빅픽쳐,12세이상관람가,"['멜로/로맨스', '드라마']","['박해빛나', '박근형', '윤여정']",https://ssl.pstatic.net/imgmovie/mdi/mit110/1201/120125_P48_140403.jpg,https://movie.naver.com/movie/bi/mi/basic.nhn?code=120125,8.87
런 올 나이트,115,20150319,미국,자움 콜렛 세라,워너브러더스 코리아(주),청소년관람불가,"['액션', '스릴러']","['리암 니슨', '조엘 킨나만', '에드 해리스']",https://ssl.pstatic.net/imgmovie/mdi/mit110/1189/118903_P02_135714.jpg,https://movie.naver.com/movie/bi/mi/basic.nhn?code=118903,7.86
살인의뢰,102,20150312,한국,손용호,(주)미인픽쳐스,청소년관람불가,"['범죄', '스릴러']","['김상경', '김성균', '박성웅']",https://ssl.pstatic.net/imgmovie/mdi/mit110/1229/122916_P76_153405.jpg,https://movie.naver.com/movie/bi/mi/basic.nhn?code=122916,6.72
연평해전,130,20150624,한국,김학순,(주)로제타시네마,12세이상관람가,['드라마'],"['김무열', '진구', '김율호']",https://ssl.pstatic.net/imgmovie/mdi/mit110/1022/102272_P94_095006.jpg,https://movie.naver.com/movie/bi/mi/basic.nhn?code=102272,9.00
극비수사,107,20150618,한국,곽경택,(주)제이콘컴퍼니,15세이상관람가,"['드라마', '범죄']","['김윤석', '유해진', '송영창']",https://ssl.pstatic.net/imgmovie/mdi/mit110/1221/122120_P14_102828.jpg,https://movie.naver.com/movie/bi/mi/basic.nhn?code=122120,8.09
쥬라기 월드,124,20150611,미국,콜린 트레보로우,유니버설픽쳐스인터내셔널 코리아(유),12세이상관람가,"['액션', '어드벤처', 'SF']","['크리스 프랫', '주디 그리어', '브라이스 달라스 하워드']",https://ssl.pstatic.net/imgmovie/mdi/mit110/1542/154285_P41_135031.jpg,https://movie.naver.com/movie/bi/mi/basic.nhn?code=154285,8.01
소수의견,126,20150624,한국,김성제,(주)하리마오픽쳐스,15세이상관람가,['드라마'],"['윤계상', '유해진', '김옥빈']",https://ssl.pstatic.net/imgmovie/mdi/mit110/0948/94897_P35_154322.jpg,https://movie.naver.com/movie/bi/mi/basic.nhn?code=94897,7.96
19곰 테드 2,115,20150625,미국,세스 맥팔레인,유니버설픽쳐스인터내셔널 코리아(유),청소년관람불가,['코미디'],"['마크 월버그', '세스 맥팔레인', '아만다 사이프리드']",https://ssl.pstatic.net/imgmovie/mdi/mit110/1044/104426_P34_112925.jpg,https://movie.naver.com/movie/bi/mi/basic.nhn?code=104426,7.35
나의 절친 악당들,109,20150625,한국,임상수,휠므빠말주식회사,청소년관람불가,"['범죄', '액션', '드라마']","['류승범', '고준희', '류현경']",https://ssl.pstatic.net/imgmovie/mdi/mit110/1159/115981_P11_104706.jpg,https://movie.naver.com/movie/bi/mi/basic.nhn?code=115981,4.82
심야식당,120,20150618,일본,마츠오카 조지,(주)영화사 진진,12세이상관람가,['드라마'],"['코바야시 카오루', '오다기리 죠', '타카오카 사키']",https://ssl.pstatic.net/imgmovie/mdi/mit110/1560/156091_P11_152424.jpg,https://movie.naver.com/movie/bi/mi/basic.nhn?code=156091,8.59
데모닉,83,20150625,미국,윌 캐논,(주)와우픽쳐스,15세이상관람가,"['공포(호러)', '스릴러']","['마리아 벨로', '프랭크 그릴로', '코디 혼']",https://ssl.pstatic.net/imgmovie/mdi/mit110/1772/177219_P01_152029.jpg,https://movie.naver.com/movie/bi/mi/basic.nhn?code=177219,5.25
경성학교: 사라진 소녀들,99,20150618,한국,이해영,청년필름(주),15세이상관람가,"['미스터리', '드라마']","['박보영', '엄지원', '박소담']",https://ssl.pstatic.net/imgmovie/mdi/mit110/1120/112039_P13_102153.jpg,https://movie.naver.com/movie/bi/mi/basic.nhn?code=112039,6.13
매드 맥스: 분노의 도로,120,20150514,미국,조지 밀러,워너브러더스 코리아(주),15세이상관람가,"['액션', '어드벤처', '스릴러']","['톰 하디', '샤를리즈 테론', '니콜라스 홀트']",https://ssl.pstatic.net/imgmovie/mdi/mit110/0777/77768_P83_104913.jpg,https://movie.naver.com/movie/bi/mi/basic.nhn?code=77768,8.77
사도,125,20150916,한국,이준익,(주)타이거픽쳐스,12세이상관람가,['사극'],"['송강호', '유아인', '문근영']",https://ssl.pstatic.net/imgmovie/mdi/mit110/1638/163846_P01_154334.jpg,https://movie.naver.com/movie/bi/mi/basic.nhn?code=163846,5.93
탐정 : 더 비기닝,119,20150924,한국,김정훈,(주)크리픽쳐스,15세이상관람가,"['코미디', '범죄']","['권상우', '성동일', '박해준']",https://ssl.pstatic.net/imgmovie/mdi/mit110/1242/124201_P19_095209.jpg,https://movie.naver.com/movie/bi/mi/basic.nhn?code=124201,8.47
인턴,121,20150924,미국,낸시 마이어스,워너브러더스 코리아(주),12세이상관람가,['코미디'],"['앤 해서웨이', '로버트 드니로', '르네 루소']",,https://movie.naver.com/movie/bi/mi/basic.nhn?code=155649,0.00
메이즈 러너: 스코치 트라이얼,131,20150916,미국,웨스 볼,이십세기폭스코리아(주),12세이상관람가,"['액션', 'SF', '스릴러']","['딜런 오브라이언', '토마스 생스터', '카야 스코델라리오']",https://ssl.pstatic.net/imgmovie/mdi/mit110/1294/129408_P39_121735.jpg,https://movie.naver.com/movie/bi/mi/basic.nhn?code=129408,8.07
베테랑,123,20150805,한국,류승완,(주)외유내강,15세이상관람가,"['액션', '드라마']","['황정민', '유아인', '유해진']",https://ssl.pstatic.net/imgmovie/mdi/mit110/1818/181816_P01_161349.jpg,https://movie.naver.com/movie/bi/mi/basic.nhn?code=181816,0.00
서부전선,111,20150924,한국,천성일,(주)하리마오픽쳐스,12세이상관람가,"['전쟁', '드라마']","['설경구', '여진구', '이경영']",https://ssl.pstatic.net/imgmovie/mdi/mit110/1746/174616_P01_173053.jpg,https://movie.naver.com/movie/bi/mi/basic.nhn?code=174616,0.00
주온: 더 파이널,90,20151001,일본,오치아이 마사유키,유니버설픽쳐스인터내셔널 코리아(유),15세이상관람가,['공포(호러)'],"['타이라 아이리', '키리야마 렌', '사사키 노조미']",https://ssl.pstatic.net/imgmovie/mdi/mit110/1400/140015_P00_134211.jpg,https://movie.naver.com/movie/bi/mi/basic.nhn?code=140015,4.19
에베레스트,121,20150924,미국,발타자르 코루마쿠르,유니버설픽쳐스인터내셔널 코리아(유),12세이상관람가,"['어드벤처', '드라마', '스릴러']","['제이슨 클락', '조슈 브롤린', '키이라 나이틀리']",https://ssl.pstatic.net/imgmovie/mdi/mit110/1780/178088_P01_110218.jpg,https://movie.naver.com/movie/bi/mi/basic.nhn?code=178088,0.00
대니 콜린스,106,20150930,미국,댄 포겔맨,(주)나이너스엔터테인먼트,15세이상관람가,['드라마'],"['알 파치노', '아네트 베닝', '제니퍼 가너']",https://ssl.pstatic.net/imgmovie/mdi/mit110/1152/115296_P21_105414.jpg,https://movie.naver.com/movie/bi/mi/basic.nhn?code=115296,8.79
뮨: 달의 요정,85,20150924,프랑스,알렉상드르 헤보얀,씨네그루(주)다우기술,전체관람가,['애니메이션'],"['조슈아 J. 발라드', '오마 사이']",https://ssl.pstatic.net/imgmovie/mdi/mit110/1401/140139_P02_135617.jpg,https://movie.naver.com/movie/bi/mi/basic.nhn?code=140139,8.37
히말라야,127,20151216,한국,이석훈,(주)제이케이필름,12세이상관람가,['드라마'],"['황정민', '정우', '조성하']",https://ssl.pstatic.net/imgmovie/mdi/mit110/1777/177702_P01_101323.jpg,https://movie.naver.com/movie/bi/mi/basic.nhn?code=177702,0.00
내부자들: 디 오리지널,180,20151231,한국,우민호,(유)내부자들 문화전문회사,청소년관람불가,"['범죄', '드라마']","['신지수', '이병헌', '조승우']",https://ssl.pstatic.net/imgmovie/mdi/mit110/1470/147001_P01_200343.jpg,https://movie.naver.com/movie/bi/mi/basic.nhn?code=147001,9.04
스타워즈: 깨어난 포스,135,20151217,미국,J.J. 에이브럼스,월트디즈니컴퍼니코리아(주),12세이상관람가,"['액션', '어드벤처', '판타지']","['해리슨 포드', '마크 해밀', '캐리 피셔']",https://ssl.pstatic.net/imgmovie/mdi/mit110/1495/149531_P01_181616.jpg,https://movie.naver.com/movie/bi/mi/basic.nhn?code=149531,1.00
조선마술사,122,20151230,한국,김대승,위더스필름(주),12세이상관람가,['드라마'],"['유승호', '고아라', '곽도원']",https://ssl.pstatic.net/imgmovie/mdi/mit110/1307/130786_P43_110338.jpg,https://movie.naver.com/movie/bi/mi/basic.nhn?code=130786,6.59
몬스터 호텔 2,89,20151224,미국,젠디 타타코브스키,유니버설픽쳐스인터내셔널 코리아(유),전체관람가,['애니메이션'],"['아담 샌들러', '셀레나 고메즈', '케빈 제임스']",https://ssl.pstatic.net/imgmovie/mdi/mit110/1225/122596_P13_184705.jpg,https://movie.naver.com/movie/bi/mi/basic.nhn?code=122596,8.59
대호,139,20151216,한국,박훈정,(주)사나이픽처스,12세이상관람가,['사극'],"['최민식', '정만식', '김상호']",https://ssl.pstatic.net/imgmovie/mdi/mit110/1637/163784_P01_135156.jpg,https://movie.naver.com/movie/bi/mi/basic.nhn?code=163784,0.00
어린왕자,106,20151223,프랑스,마크 오스본,씨네그루(주)다우기술,전체관람가,"['애니메이션', '판타지', '어드벤처']","['제프 브리지스', '레이첼 맥아담스', '매켄지 포이']",https://ssl.pstatic.net/imgmovie/mdi/mit110/1142/114265_P77_121252.jpg,https://movie.naver.com/movie/bi/mi/basic.nhn?code=114265,8.65
라스트 위치 헌터,106,20151230,미국,브렉 에이즈너,TCO(주)더콘텐츠온,15세이상관람가,"['액션', '어드벤처', '판타지']","['빈 디젤', '일라이저 우드', '로즈 레슬리']",https://ssl.pstatic.net/imgmovie/mdi/mit110/1283/128392_P30_180539.jpg,https://movie.naver.com/movie/bi/mi/basic.nhn?code=128392,6.72
포켓몬 더 무비 XY 후파: 광륜의 초마신,79,20151223,일본,유야마 쿠니히코,(주)이수C&E,전체관람가,"['애니메이션', '어드벤처', '판타지']",[],https://ssl.pstatic.net/imgmovie/mdi/mit110/1370/137010_P22_113749.jpg,https://movie.naver.com/movie/bi/mi/basic.nhn?code=137010,8.74
뽀로로 극장판 컴퓨터 왕국 대모험,62,20151210,한국,박영균,(주)오콘,전체관람가,['애니메이션'],"['이선', '이미자', '함수정']",https://ssl.pstatic.net/imgmovie/mdi/mit110/1432/143253_P22_114114.jpg,https://movie.naver.com/movie/bi/mi/basic.nhn?code=143253,8.80
배트맨 대 슈퍼맨: 저스티스의 시작,151,20160324,미국,잭 스나이더,워너브러더스 코리아(주),12세이상관람가,"['액션', '어드벤처', '판타지']","['헨리 카빌', '벤 애플렉', '에이미 아담스']",https://ssl.pstatic.net/imgmovie/mdi/mit110/1099/109960_P40_151903.jpg,https://movie.naver.com/movie/bi/mi/basic.nhn?code=109960,6.85
주토피아,108,20160217,미국,바이론 하워드,월트디즈니컴퍼니코리아(주),전체관람가,"['애니메이션', '액션', '어드벤처']","['지니퍼 굿윈', '제이슨 베이트먼', '샤키라']",https://ssl.pstatic.net/imgmovie/mdi/mit110/1308/130850_P23_141447.jpg,https://movie.naver.com/movie/bi/mi/basic.nhn?code=130850,9.35
대배우,108,20160330,한국,석민우,주식회사 영화사다,12세이상관람가,['코미디'],"['오달수', '윤제문', '이경영']",https://ssl.pstatic.net/imgmovie/mdi/mit110/1368/136824_P37_140753.JPG,https://movie.naver.com/movie/bi/mi/basic.nhn?code=136824,5.75
미스컨덕트,105,20160330,미국,시모사와 신타로,(주)박수엔터테인먼트,15세이상관람가,"['범죄', '스릴러']","['알 파치노', '안소니 홉킨스', '조쉬 더하멜']",https://ssl.pstatic.net/imgmovie/mdi/mit110/1377/137709_P01_095022.jpg,https://movie.naver.com/movie/bi/mi/basic.nhn?code=137709,6.28
포레스트: 죽음의 숲,93,20160330,미국,제이슨 자다,유니버설픽쳐스인터내셔널 코리아(유),12세이상관람가,['공포(호러)'],"['나탈리 도메르', '테일러 키니', '이오인 맥큰']",https://ssl.pstatic.net/imgmovie/mdi/mit110/1254/125436_P15_135528.jpg,https://movie.naver.com/movie/bi/mi/basic.nhn?code=125436,5.05
글로리데이,92,20160324,한국,최정열,(주)보리픽쳐스,15세이상관람가,['드라마'],"['지수', '김준면', '류준열']",https://ssl.pstatic.net/imgmovie/mdi/mit110/1210/121061_P18_110022.jpg,https://movie.naver.com/movie/bi/mi/basic.nhn?code=121061,7.90
부활,107,20160317,미국,케빈 레이놀즈,유니버설픽쳐스인터내셔널 코리아(유),12세이상관람가,['드라마'],"['조셉 파인즈', '톰 펠튼']",https://ssl.pstatic.net/imgmovie/mdi/mit110/1831/183103_P02_101210.jpg,https://movie.naver.com/movie/bi/mi/basic.nhn?code=183103,10.00
나의 그리스식 웨딩 2,94,20160330,미국,커크 존스,(주)이수C&E,15세이상관람가,['코미디'],"['니아 발다로스', '존 코베트', '엘레나 캠푸리스']",https://ssl.pstatic.net/imgmovie/mdi/mit110/1379/137987_P11_175125.jpg,https://movie.naver.com/movie/bi/mi/basic.nhn?code=137987,7.35
귀향,127,20160224,한국,조정래,주식회사 제이오엔터테인먼트코리아,15세이상관람가,['드라마'],"['손숙', '강하나', '서미지']",https://ssl.pstatic.net/imgmovie/mdi/mit110/1671/167108_P02_113945.jpg,https://movie.naver.com/movie/bi/mi/basic.nhn?code=167108,7.85
마음이 외치고 싶어해,119,20160330,일본,나가이 타츠유키,스튜디오 프로그레시브 인큐베이터,12세이상관람가,['애니메이션'],['미나세 이노리'],https://ssl.pstatic.net/imgmovie/mdi/mit110/1598/159853_P15_134231.jpg,https://movie.naver.com/movie/bi/mi/basic.nhn?code=159853,7.28
굿바이 싱글,119,20160629,한국,김태곤,호두앤유 엔터테인먼트(주),15세이상관람가,"['코미디', '드라마']","['김혜수', '마동석', '김현수']",https://ssl.pstatic.net/imgmovie/mdi/mit110/1397/139700_P09_183031.jpg,https://movie.naver.com/movie/bi/mi/basic.nhn?code=139700,8.09
레전드 오브 타잔,109,20160629,미국,데이빗 예이츠,워너브러더스 코리아(주),12세이상관람가,"['액션', '어드벤처']","['알렉산더 스카스가드', '마고 로비', '크리스토프 왈츠']",https://ssl.pstatic.net/imgmovie/mdi/mit110/1207/120791_P04_133802.jpg,https://movie.naver.com/movie/bi/mi/basic.nhn?code=120791,7.65
사냥,92,20160629,한국,이우철,(주)빅스톤픽쳐스,15세이상관람가,['액션'],"['안성기', '조진웅', '한예리']",,https://movie.naver.com/movie/bi/mi/basic.nhn?code=173182,0.00
인디펜던스 데이 : 리써전스,119,20160622,미국,롤랜드 에머리히,이십세기폭스코리아(주),12세이상관람가,"['액션', '어드벤처', 'SF']","['빌 풀만', '리암 헴스워스', '제프 골드블럼']",https://ssl.pstatic.net/imgmovie/mdi/mit110/0748/74866_P41_131759.jpg,https://movie.naver.com/movie/bi/mi/basic.nhn?code=74866,7.27
컨저링 2,131,20160609,미국,제임스 완,워너브러더스 코리아(주),15세이상관람가,['공포(호러)'],"['베라 파미가', '패트릭 윌슨', '프란카 포텐테']",https://ssl.pstatic.net/imgmovie/mdi/mit110/1142/114282_P07_150453.jpg,https://movie.naver.com/movie/bi/mi/basic.nhn?code=114282,8.23
특별수사: 사형수의 편지,120,20160616,한국,권종관,(주)콘텐츠케이,15세이상관람가,"['범죄', '드라마']","['김명민', '김상호', '성동일']",https://ssl.pstatic.net/imgmovie/mdi/mit110/1307/130720_P149_102001.jpg,https://movie.naver.com/movie/bi/mi/basic.nhn?code=130720,8.30
아가씨,144,20160601,한국,박찬욱,유한회사 아가씨에프에스,청소년관람불가,"['스릴러', '드라마']","['김민희', '김태리', '하정우']",https://ssl.pstatic.net/imgmovie/mdi/mit110/1806/180633_P01_135806.jpg,https://movie.naver.com/movie/bi/mi/basic.nhn?code=180633,7.67
정글북,105,20160609,미국,존 파브로,월트디즈니컴퍼니코리아(주),12세이상관람가,"['어드벤처', '드라마']","['닐 세티', '빌 머레이', '스칼렛 요한슨']",https://ssl.pstatic.net/imgmovie/mdi/mit110/1273/127394_P01_144602.jpg,https://movie.naver.com/movie/bi/mi/basic.nhn?code=127394,7.34
미 비포 유,110,20160601,미국,테아 샤록,워너브러더스 코리아(주),12세이상관람가,"['멜로/로맨스', '드라마']","['에밀리아 클라크', '샘 클라플린', '매튜 루이스']",https://ssl.pstatic.net/imgmovie/mdi/mit110/1379/137915_P04_112657.jpg,https://movie.naver.com/movie/bi/mi/basic.nhn?code=137915,8.49
500일의 썸머,95,20100121,미국,마크 웹,스네이크 프리뷰,15세이상관람가,"['드라마', '멜로/로맨스']","['조셉 고든 레빗', '주이 디샤넬', '제프리 아렌드']",https://ssl.pstatic.net/imgmovie/mdi/mit110/0531/53152_P36_140212.jpg,https://movie.naver.com/movie/bi/mi/basic.nhn?code=53152,8.41
아수라,132,20160928,한국,김성수,(주)사나이픽처스,청소년관람불가,"['범죄', '액션']","['정우성', '김현빈', '황정민']",https://ssl.pstatic.net/imgmovie/mdi/mit110/1730/173030_P01_154720.jpg,https://movie.naver.com/movie/bi/mi/basic.nhn?code=173030,10.00
미스 페레그린과 이상한 아이들의 집,126,20160928,미국,팀 버튼,이십세기폭스코리아(주),12세이상관람가,"['미스터리', '판타지']","['에바 그린', '사무엘 L. 잭슨', '아사 버터필드']",https://ssl.pstatic.net/imgmovie/mdi/mit110/1293/129383_P08_121150.jpg,https://movie.naver.com/movie/bi/mi/basic.nhn?code=129383,8.45
브리짓 존스의 베이비,122,20160928,미국,샤론 맥과이어,유니버설픽쳐스인터내셔널 코리아(유),15세이상관람가,"['코미디', '멜로/로맨스']","['르네 젤위거', '콜린 퍼스', '패트릭 뎀시']",https://ssl.pstatic.net/imgmovie/mdi/mit110/1434/143456_P15_170201.jpg,https://movie.naver.com/movie/bi/mi/basic.nhn?code=143456,8.84
설리: 허드슨강의 기적,95,20160928,미국,클린트 이스트우드,워너브러더스 코리아(주),12세이상관람가,['드라마'],"['톰 행크스', '아론 에크하트', '로라 린니']",https://ssl.pstatic.net/imgmovie/mdi/mit110/1434/143495_P20_172313.jpg,https://movie.naver.com/movie/bi/mi/basic.nhn?code=143495,9.14
밀정,139,20160907,한국,김지운,(주)다크서클픽쳐스,15세이상관람가,['액션'],"['송강호', '공유', '한지민']",https://ssl.pstatic.net/imgmovie/mdi/mit110/1379/137952_P30_161446.jpg,https://movie.naver.com/movie/bi/mi/basic.nhn?code=137952,8.42
벤허,123,20160914,미국,티무르 베크맘베토브,롯데쇼핑㈜롯데엔터테인먼트,12세이상관람가,"['어드벤처', '드라마']","['잭 휴스턴', '토비 켑벨', '모건 프리먼']",https://ssl.pstatic.net/imgmovie/mdi/mit110/1254/125468_P11_175408.jpg,https://movie.naver.com/movie/bi/mi/basic.nhn?code=125468,8.26
피터와 드래곤,102,20160928,미국,데이빗 로워리,월트디즈니컴퍼니코리아(주),전체관람가,"['어드벤처', '가족', '판타지']","['브라이스 달라스 하워드', '오크스 페글리', '웨스 벤틀리']",https://ssl.pstatic.net/imgmovie/mdi/mit110/1348/134847_P24_135030.jpg,https://movie.naver.com/movie/bi/mi/basic.nhn?code=134847,8.24
맨 인 더 다크,88,20161005,미국,페드 알바레즈,유니버설픽쳐스인터내셔널 코리아(유),청소년관람불가,['스릴러'],"['제인 레비', '딜런 미네트', '스티븐 랭']",https://ssl.pstatic.net/imgmovie/mdi/mit110/1449/144944_P10_153743.jpg,https://movie.naver.com/movie/bi/mi/basic.nhn?code=144944,7.94
바다 탐험대 옥토넛 시즌4: 늪지탐험선K,57,20160928,영국,다라 오코넬,와이드 릴리즈(주),전체관람가,['애니메이션'],[],https://ssl.pstatic.net/imgmovie/mdi/mit110/1495/149505_P20_181604.jpg,https://movie.naver.com/movie/bi/mi/basic.nhn?code=149505,8.54
백설공주 : 사라진 아빠를 찾아서,75,20160929,중국,벤 차오,예지림엔터테인먼트,전체관람가,"['애니메이션', '가족']","['이제인', '사문영', '박상훈']",https://ssl.pstatic.net/imgmovie/mdi/mit110/1541/154133_P13_170515.jpg,https://movie.naver.com/movie/bi/mi/basic.nhn?code=154133,7.37
마스터,142,20161221,한국,조의석,영화사 집,15세이상관람가,"['액션', '범죄']","['이병헌', '강동원', '김우빈']",https://ssl.pstatic.net/imgmovie/mdi/mit110/1851/185172_P01_143840.jpg,https://movie.naver.com/movie/bi/mi/basic.nhn?code=185172,0.00
로그 원: 스타워즈 스토리,133,20161228,미국,가렛 에드워즈,월트디즈니컴퍼니코리아 유한책임회사,12세이상관람가,"['액션', '어드벤처', '판타지']","['펠리시티 존스', '디에고 루나', '매즈 미켈슨']",https://ssl.pstatic.net/imgmovie/mdi/mit110/1368/136868_P75_101138.jpg,https://movie.naver.com/movie/bi/mi/basic.nhn?code=136868,8.45
씽,107,20161221,미국,가스 제닝스,유니버설픽쳐스인터내셔널 코리아(유),전체관람가,"['애니메이션', '뮤지컬']","['매튜 매커너히', '리즈 위더스푼', '스칼렛 요한슨']",https://ssl.pstatic.net/imgmovie/mdi/mit110/1714/171456_P01_100845.jpg,https://movie.naver.com/movie/bi/mi/basic.nhn?code=171456,5.00
판도라,135,20161207,한국,박정우,(주)씨에이씨엔터테인먼트,12세이상관람가,"['드라마', '스릴러']","['김남길', '김영애', '문정희']",,https://movie.naver.com/movie/bi/mi/basic.nhn?code=183771,0.00
라라랜드,127,20161207,미국,데이미언 셔젤,판씨네마(주),12세이상관람가,"['드라마', '뮤지컬', '멜로/로맨스']","['엠마 스톤', '라이언 고슬링', '핀 위트록']",https://ssl.pstatic.net/imgmovie/mdi/mit110/1349/134963_P15_094953.jpg,https://movie.naver.com/movie/bi/mi/basic.nhn?code=134963,8.59
너의 이름은.,106,20170104,일본,신카이 마코토,메가박스중앙(주)플러스엠,12세이상관람가,"['애니메이션', '드라마', '멜로/로맨스']","['카미키 류노스케', '카미시라이시 모네', '나가사와 마사미']",https://ssl.pstatic.net/imgmovie/mdi/mit110/1501/150198_P60_142006.jpg,https://movie.naver.com/movie/bi/mi/basic.nhn?code=150198,8.75
루돌프와 많이있어,88,20161228,일본,유야마 쿠니히코,씨제이이앤엠(주),전체관람가,['애니메이션'],"['김율', '신용우', '홍범기']",https://ssl.pstatic.net/imgmovie/mdi/mit110/1539/153951_P12_173319.jpg,https://movie.naver.com/movie/bi/mi/basic.nhn?code=153951,8.79
포켓몬 더 무비 XY&Z 「볼케니온 : 기계왕국의 비밀」,94,20161222,일본,유야마 쿠니히코,(주)이수C&E,전체관람가,"['애니메이션', '어드벤처', '판타지']",[],https://ssl.pstatic.net/imgmovie/mdi/mit110/1522/152265_P14_102117.jpg,https://movie.naver.com/movie/bi/mi/basic.nhn?code=152265,8.74
"당신, 거기 있어줄래요",110,20161214,한국,홍지영,(주)수필름,12세이상관람가,"['판타지', '드라마']","['김윤석', '변요한', '채서진']",https://ssl.pstatic.net/imgmovie/mdi/mit110/1452/145292_P58_104615.jpg,https://movie.naver.com/movie/bi/mi/basic.nhn?code=145292,8.69
극장판 도라에몽: 신 진구의 버스 오브 재팬,103,20161221,일본,야쿠와 신노스케,(주)넥스트엔터테인먼트월드(NEW),전체관람가,['애니메이션'],"['채민지', '김정아', '최낙윤']",https://ssl.pstatic.net/imgmovie/mdi/mit110/1416/141675_P16_110043.jpg,https://movie.naver.com/movie/bi/mi/basic.nhn?code=141675,9.02
미녀와 야수,129,20170316,미국,빌 콘돈,월트디즈니컴퍼니코리아 유한책임회사,전체관람가,"['멜로/로맨스', '판타지', '뮤지컬']","['엠마 왓슨', '댄 스티븐스', '루크 에반스']",https://ssl.pstatic.net/imgmovie/mdi/mit110/1368/136872_P12_113639.jpg,https://movie.naver.com/movie/bi/mi/basic.nhn?code=136872,8.79
프리즌,124,20170323,한국,나현,(주)큐로홀딩스,청소년관람불가,"['범죄', '액션']","['한석규', '김래원', '정웅인']",https://ssl.pstatic.net/imgmovie/mdi/mit110/1684/168463_P01_112520.jpg,https://movie.naver.com/movie/bi/mi/basic.nhn?code=168463,3.50
공각기동대 : 고스트 인 더 쉘,106,20170329,미국,루퍼트 샌더스,롯데쇼핑㈜롯데엔터테인먼트,15세이상관람가,"['SF', '범죄', '액션']","['스칼렛 요한슨', '마이클 피트', '마이클 윈코트']",https://ssl.pstatic.net/imgmovie/mdi/mit110/1348/134838_P39_143607.jpg,https://movie.naver.com/movie/bi/mi/basic.nhn?code=134838,6.95
원라인,131,20170329,한국,양경모,(주)미인픽쳐스,15세이상관람가,['범죄'],"['임시완', '진구', '박병은']",https://ssl.pstatic.net/imgmovie/mdi/mit110/1426/142699_P12_113725.jpg,https://movie.naver.com/movie/bi/mi/basic.nhn?code=142699,8.17
히든 피겨스,126,20170323,미국,데오도르 멜피,이십세기폭스코리아(주),12세이상관람가,['드라마'],"['타라지 P. 헨슨', '옥타비아 스펜서', '케빈 코스트너']",https://ssl.pstatic.net/imgmovie/mdi/mit110/1470/147092_P24_100554.jpg,https://movie.naver.com/movie/bi/mi/basic.nhn?code=147092,9.35
보통사람,121,20170323,한국,김봉한,(주)트리니티엔터테인먼트,15세이상관람가,['드라마'],"['손현주', '장혁', '김상호']",https://ssl.pstatic.net/imgmovie/mdi/mit110/1523/152331_P21_102858.jpg,https://movie.naver.com/movie/bi/mi/basic.nhn?code=152331,7.95
데스노트: 더 뉴 월드,134,20170329,일본,사토 신스케,(주)디스테이션,15세이상관람가,"['범죄', '드라마', '스릴러']","['히가시데 마사히로', '이케마츠 소스케', '토다 에리카']",https://ssl.pstatic.net/imgmovie/mdi/mit110/1423/142324_P03_111637.jpg,https://movie.naver.com/movie/bi/mi/basic.nhn?code=142324,4.98
미스 슬로운,132,20170329,미국,존 매든,(주)메인타이틀픽쳐스,15세이상관람가,"['드라마', '스릴러']","['제시카 차스테인', '구구 바샤-로', '알리슨 필']",https://ssl.pstatic.net/imgmovie/mdi/mit110/1426/142632_P36_104817.jpg,https://movie.naver.com/movie/bi/mi/basic.nhn?code=142632,9.30
아기돼지 3형제와 매직램프,78,20170323,중국,유위,(주)팝엔터테인먼트,전체관람가,['애니메이션'],[],https://ssl.pstatic.net/imgmovie/mdi/mit110/1607/160720_P15_113640.jpg,https://movie.naver.com/movie/bi/mi/basic.nhn?code=160720,7.02
밤의 해변에서 혼자,100,20170323,한국,홍상수,(주)영화제작전원사 ,청소년관람불가,['드라마'],"['김민희', '정재영', '서영화']",https://ssl.pstatic.net/imgmovie/mdi/mit110/1564/156465_P02_105120.jpg,https://movie.naver.com/movie/bi/mi/basic.nhn?code=156465,5.66
박열,128,20170628,한국,이준익,(유)박열문화전문회사,12세이상관람가,['드라마'],"['이제훈', '최희서', '김인우']",https://ssl.pstatic.net/imgmovie/mdi/mit110/1557/155716_P43_142233.jpg,https://movie.naver.com/movie/bi/mi/basic.nhn?code=155716,8.09
트랜스포머: 최후의 기사,150,20170621,미국,마이클 베이,롯데쇼핑㈜롯데엔터테인먼트,12세이상관람가,"['액션', '어드벤처', 'SF']","['마크 월버그', '안소니 홉킨스', '로라 하드독']",https://ssl.pstatic.net/imgmovie/mdi/mit110/1236/123630_P39_100640.jpg,https://movie.naver.com/movie/bi/mi/basic.nhn?code=123630,6.29
리얼,137,20170628,한국,이사랑,(주)코브픽쳐스,청소년관람불가,['액션'],"['김수현', '성동일', '이성민']",https://ssl.pstatic.net/imgmovie/mdi/mit110/1847/184700_P01_111349.jpg,https://movie.naver.com/movie/bi/mi/basic.nhn?code=184700,0.00
옥자,120,20170629,미국,봉준호,플랜 비 엔터테인먼트,12세이상관람가,"['어드벤처', '액션', '드라마']","['틸다 스윈튼', '제이크 질렌할', '폴 다노']",https://ssl.pstatic.net/imgmovie/mdi/mit110/1434/143435_P166_181445.jpg,https://movie.naver.com/movie/bi/mi/basic.nhn?code=143435,8.45
미이라,110,20170606,미국,알렉스 커츠먼,유니버설픽쳐스인터내셔널 코리아(유),15세이상관람가,"['액션', '어드벤처', '판타지']","['톰 크루즈', '소피아 부텔라', '애나벨 월리스']",https://ssl.pstatic.net/imgmovie/mdi/mit110/1810/181047_P01_105401.jpg,https://movie.naver.com/movie/bi/mi/basic.nhn?code=181047,1.00
하루,90,20170615,한국,조선호,(주)라인필름,15세이상관람가,['스릴러'],"['김명민', '변요한', '유재명']",https://ssl.pstatic.net/imgmovie/mdi/mit110/1742/174282_P01_161553.jpeg,https://movie.naver.com/movie/bi/mi/basic.nhn?code=174282,7.00
지랄발광 17세,105,20170628,미국,켈리 프레몬,소니픽쳐스엔터테인먼트코리아주식회사극장배급지점,15세이상관람가,"['코미디', '드라마']","['헤일리 스테인펠드', '우디 해럴슨', '카이라 세드윅']",https://ssl.pstatic.net/imgmovie/mdi/mit110/1497/149776_P00_161048.jpg,https://movie.naver.com/movie/bi/mi/basic.nhn?code=149776,7.94
악녀,123,20170608,한국,정병길,(주)앞에있다,청소년관람불가,['액션'],"['김옥빈', '신하균', '성준']",https://ssl.pstatic.net/imgmovie/mdi/mit110/1552/155256_P14_102630.jpg,https://movie.naver.com/movie/bi/mi/basic.nhn?code=155256,6.95
부니베어: 로거빅 컴백홈 프로젝트,68,20170629,중국,정량,예지림엔터테인먼트,전체관람가,['애니메이션'],"['박상훈', '홍진욱', '윤세웅']",https://ssl.pstatic.net/imgmovie/mdi/mit110/1643/164342_P01_101842.jpg,https://movie.naver.com/movie/bi/mi/basic.nhn?code=164342,6.77
언더더씨,71,20170622,미국,에반 트라멜,(주)팝엔터테인먼트,전체관람가,['애니메이션'],"['김연우', '황창영', '김경희']",https://ssl.pstatic.net/imgmovie/mdi/mit110/1824/182408_P01_112024.jpg,https://movie.naver.com/movie/bi/mi/basic.nhn?code=182408,0.00
킹스맨: 골든 서클,140,20170927,미국,매튜 본,이십세기폭스코리아(주),청소년관람불가,"['액션', '어드벤처', '코미디']","['콜린 퍼스', '줄리안 무어', '태런 에저튼']",https://ssl.pstatic.net/imgmovie/mdi/mit110/1497/149747_P67_150940.jpg,https://movie.naver.com/movie/bi/mi/basic.nhn?code=149747,8.39
아이 캔 스피크,118,20170921,한국,김현석,주식회사 영화사 시선,12세이상관람가,['코미디'],"['나문희', '이제훈', '박철민']",https://ssl.pstatic.net/imgmovie/mdi/mit110/1618/161850_P48_112458.jpg,https://movie.naver.com/movie/bi/mi/basic.nhn?code=161850,9.37
극장판 요괴워치: 하늘을 나는 고래와 더블세계다냥!,89,20170927,일본,우시로 신지,씨제이이앤엠(주),전체관람가,['애니메이션'],"['박경혜', '홍범기', '김현지']",https://ssl.pstatic.net/imgmovie/mdi/mit110/1562/156200_P08_150801.jpg,https://movie.naver.com/movie/bi/mi/basic.nhn?code=156200,8.31
레고 닌자고 무비,101,20170928,미국,찰리 빈,워너브러더스 코리아(주),전체관람가,"['애니메이션', '액션', '코미디']",[],https://ssl.pstatic.net/imgmovie/mdi/mit110/1254/125439_P12_112754.jpg,https://movie.naver.com/movie/bi/mi/basic.nhn?code=125439,8.41
살인자의 기억법,118,20170906,한국,원신연,(주)쇼박스,15세이상관람가,"['범죄', '스릴러']","['설경구', '김남길', '설현']",https://ssl.pstatic.net/imgmovie/mdi/mit110/1378/137890_P95_163447.jpg,https://movie.naver.com/movie/bi/mi/basic.nhn?code=137890,7.69
킬러의 보디가드,118,20170830,미국,패트릭 휴즈,(주)제이앤씨미디어그룹,15세이상관람가,"['액션', '코미디']","['라이언 레이놀즈', '사무엘 L. 잭슨', '셀마 헤이엑']",https://ssl.pstatic.net/imgmovie/mdi/mit110/1526/152625_P28_174242.jpg,https://movie.naver.com/movie/bi/mi/basic.nhn?code=152625,8.41
베이비 드라이버,112,20170914,영국,에드가 라이트,소니픽쳐스엔터테인먼트코리아주식회사극장배급지점,15세이상관람가,"['액션', '범죄', '스릴러']","['안셀 엘고트', '케빈 스페이시', '릴리 제임스']",https://ssl.pstatic.net/imgmovie/mdi/mit110/1434/143402_P04_104703.jpg,https://movie.naver.com/movie/bi/mi/basic.nhn?code=143402,7.99
리틀 프린세스 소피아 : 신비한 섬,63,20170928,미국,제이미 미첼,월트디즈니컴퍼니코리아 유한책임회사,전체관람가,"['애니메이션', '어드벤처', '가족']","['김미랑', '서지연', '사문영']",https://ssl.pstatic.net/imgmovie/mdi/mit110/1655/165514_P10_140858.jpg,https://movie.naver.com/movie/bi/mi/basic.nhn?code=165514,8.47
인비저블 게스트,106,20170921,스페인,오리올 파울로,(주)더블앤조이픽쳐스,15세이상관람가,"['범죄', '미스터리', '스릴러']","['마리오 카사스', '안나 와게너', '호세 코로나도']",https://ssl.pstatic.net/imgmovie/mdi/mit110/1595/159516_P07_112931.jpg,https://movie.naver.com/movie/bi/mi/basic.nhn?code=159516,8.93
김광석,81,20170830,한국,이상호,(주)씨네포트,15세이상관람가,['다큐멘터리'],"['김광석', '이상호', '신종민']",https://ssl.pstatic.net/imgmovie/mdi/mit110/1516/151674_P15_151947.jpg,https://movie.naver.com/movie/bi/mi/basic.nhn?code=151674,8.70
신과함께-죄와 벌,139,20171220,한국,김용화,리얼라이즈픽쳐스(주),12세이상관람가,"['판타지', '드라마']","['하정우', '차태현', '주지훈']",https://ssl.pstatic.net/imgmovie/mdi/mit110/0855/85579_P30_153304.jpg,https://movie.naver.com/movie/bi/mi/basic.nhn?code=85579,7.83
1987,129,20171227,한국,장준환,(주)우정필름,15세이상관람가,['드라마'],"['김윤석', '하정우', '유해진']",https://ssl.pstatic.net/imgmovie/mdi/mit110/1716/171664_P01_174453.jpg,https://movie.naver.com/movie/bi/mi/basic.nhn?code=171664,0.00
강철비,139,20171214,한국,양우석,(주)와이웍스엔터테인먼트,15세이상관람가,"['액션', '드라마']","['정우성', '곽도원', '김갑수']",https://ssl.pstatic.net/imgmovie/mdi/mit110/1556/155665_P44_135138.jpg,https://movie.naver.com/movie/bi/mi/basic.nhn?code=155665,8.34
위대한 쇼맨,104,20171220,미국,마이클 그레이시,이십세기폭스코리아(주),12세이상관람가,"['드라마', '뮤지컬']","['휴 잭맨', '잭 에프런', '미쉘 윌리엄스']",https://ssl.pstatic.net/imgmovie/mdi/mit110/1063/106360_P18_104023.jpg,https://movie.naver.com/movie/bi/mi/basic.nhn?code=106360,9.38
극장판 포켓몬스터 너로 정했다!,97,20171221,일본,유야마 쿠니히코,(주)이수C&E,전체관람가,"['애니메이션', '어드벤처', '가족']",[],https://ssl.pstatic.net/imgmovie/mdi/mit110/1657/165722_P02_102505.jpg,https://movie.naver.com/movie/bi/mi/basic.nhn?code=165722,8.85
몬스터 패밀리,92,20171221,독일,호거 태프,씨네그루(주)키다리이엔티,전체관람가,['애니메이션'],"['에밀리 왓슨', '닉 프로스트']",https://ssl.pstatic.net/imgmovie/mdi/mit110/1638/163844_P12_144955.jpg,https://movie.naver.com/movie/bi/mi/basic.nhn?code=163844,8.31
원더,113,20171227,미국,스티븐 크보스키,CGV아트하우스,전체관람가,['드라마'],"['줄리아 로버츠', '오웬 윌슨', '제이콥 트렘블레이']",https://ssl.pstatic.net/imgmovie/mdi/mit110/1680/168086_P01_143939.jpg,https://movie.naver.com/movie/bi/mi/basic.nhn?code=168086,8.20
뽀로로 극장판 공룡섬 대모험,78,20171207,한국,김현호,(주)오콘,전체관람가,['애니메이션'],"['이선', '이미자', '함수정']",https://ssl.pstatic.net/imgmovie/mdi/mit110/1693/169349_P08_145715.jpg,https://movie.naver.com/movie/bi/mi/basic.nhn?code=169349,9.17
극장판 프리파라 모두의 동경♪ 렛츠고☆프리파리,65,20171228,일본,모리와키 마코토,(주)박수엔터테인먼트,전체관람가,['애니메이션'],[],https://ssl.pstatic.net/imgmovie/mdi/mit110/1685/168501_P10_153422.jpg,https://movie.naver.com/movie/bi/mi/basic.nhn?code=168501,8.15
스타워즈: 라스트 제다이,151,20171214,미국,라이언 존슨,월트디즈니컴퍼니코리아 유한책임회사,12세이상관람가,"['액션', '어드벤처', '판타지']","['마크 해밀', '캐리 피셔', '아담 드라이버']",https://ssl.pstatic.net/imgmovie/mdi/mit110/1254/125488_P20_135324.jpg,https://movie.naver.com/movie/bi/mi/basic.nhn?code=125488,6.55
곤지암,94,20180328,한국,정범식,(주)하이브미디어코프,15세이상관람가,"['공포(호러)', '스릴러']","['위하준', '박지현', '오아연']",https://ssl.pstatic.net/imgmovie/mdi/mit110/1724/172454_P62_140358.jpg,https://movie.naver.com/movie/bi/mi/basic.nhn?code=172454,6.42
레디 플레이어 원,139,20180328,미국,스티븐 스필버그,워너브러더스 코리아(주),12세이상관람가,"['액션', 'SF', '어드벤처']","['마크 라이런스', '사이먼 페그', '올리비아 쿡']",https://ssl.pstatic.net/imgmovie/mdi/mit110/1368/136898_P05_175007.jpg,https://movie.naver.com/movie/bi/mi/basic.nhn?code=136898,8.53
지금 만나러 갑니다,131,20180314,한국,이장훈,(주)무비락,12세이상관람가,['멜로/로맨스'],"['소지섭', '손예진', '김지환']",https://ssl.pstatic.net/imgmovie/mdi/mit110/1682/168298_P26_135156.jpg,https://movie.naver.com/movie/bi/mi/basic.nhn?code=168298,8.72
7년의 밤,123,20180328,한국,추창민,(주)바른손,15세이상관람가,"['스릴러', '드라마']","['류승룡', '장동건', '송새벽']",https://ssl.pstatic.net/imgmovie/mdi/mit110/0855/85578_P34_170453.jpg,https://movie.naver.com/movie/bi/mi/basic.nhn?code=85578,4.80
퍼시픽 림: 업라이징,110,20180321,미국,스티븐 S. 드나이트,유니버설픽쳐스인터내셔널 코리아(유),15세이상관람가,"['액션', '어드벤처', 'SF']","['존 보예가', '스콧 이스트우드', '케일리 스패니']",https://ssl.pstatic.net/imgmovie/mdi/mit110/1254/125494_P16_164850.jpg,https://movie.naver.com/movie/bi/mi/basic.nhn?code=125494,6.70
미니특공대X,67,20180322,한국,이영준,(주)삼지애니메이션,전체관람가,['애니메이션'],"['엄상현', '전태열', '이소영']",https://ssl.pstatic.net/imgmovie/mdi/mit110/1714/171440_P01_175936.jpg,https://movie.naver.com/movie/bi/mi/basic.nhn?code=171440,7.60
콜 미 바이 유어 네임,131,20180322,이탈리아,루카 구아다니노,소니픽쳐스엔터테인먼트코리아주식회사극장배급지점,청소년관람불가,"['드라마', '멜로/로맨스']","['티모시 샬라메', '아미 해머', '마이클 스털버그']",https://ssl.pstatic.net/imgmovie/mdi/mit110/1588/158885_P27_113537.jpg,https://movie.naver.com/movie/bi/mi/basic.nhn?code=158885,7.75
막달라 마리아: 부활의 증인,119,20180328,영국,가스 데이비스,유니버설픽쳐스인터내셔널 코리아(유),12세이상관람가,['드라마'],"['루니 마라', '호아킨 피닉스', '치웨텔 에지오포']",https://ssl.pstatic.net/imgmovie/mdi/mit110/1506/150658_P10_144557.jpg,https://movie.naver.com/movie/bi/mi/basic.nhn?code=150658,7.02
소공녀,106,20180322,한국,전고운,광화문시네마,15세이상관람가,"['멜로/로맨스', '드라마']","['이솜', '안재홍', '이고운']",https://ssl.pstatic.net/imgmovie/mdi/mit110/1717/171752_P03_132035.jpg,https://movie.naver.com/movie/bi/mi/basic.nhn?code=171752,8.57
리틀 포레스트,103,20180228,한국,임순례,(주)영화사수박,전체관람가,['드라마'],"['김태리', '류준열', '문소리']",https://ssl.pstatic.net/imgmovie/mdi/mit110/1544/154449_P27_141613.jpg,https://movie.naver.com/movie/bi/mi/basic.nhn?code=154449,8.77
마녀,125,20180627,한국,박훈정,(주)영화사 금월,15세이상관람가,"['미스터리', '액션']","['김다미', '조민수', '박희순']",https://ssl.pstatic.net/imgmovie/mdi/mit110/1753/175322_P98_135944.jpg,https://movie.naver.com/movie/bi/mi/basic.nhn?code=175322,8.19
탐정: 리턴즈,116,20180613,한국,이언희,(주)크리픽쳐스,15세이상관람가,"['코미디', '범죄']","['권상우', '성동일', '이광수']",https://ssl.pstatic.net/imgmovie/mdi/mit110/1598/159892_P42_111355.jpg,https://movie.naver.com/movie/bi/mi/basic.nhn?code=159892,8.40
쥬라기 월드: 폴른 킹덤,127,20180606,미국,후안 안토니오 바요나,유니버설픽쳐스인터내셔널 코리아(유),12세이상관람가,"['액션', '어드벤처', 'SF']","['크리스 프랫', '브라이스 달라스 하워드', '제프 골드블럼']",https://ssl.pstatic.net/imgmovie/mdi/mit110/1542/154285_P41_135031.jpg,https://movie.naver.com/movie/bi/mi/basic.nhn?code=154285,8.01
허스토리,120,20180627,한국,민규동,(주)수필름,12세이상관람가,['드라마'],"['김희애', '김해숙', '예수정']",https://ssl.pstatic.net/imgmovie/mdi/mit110/1677/167787_P31_113629.jpg,https://movie.naver.com/movie/bi/mi/basic.nhn?code=167787,9.27
오션스8,110,20180613,미국,게리 로스,워너브러더스 코리아(주),12세이상관람가,"['액션', '범죄']","['산드라 블록', '케이트 블란쳇', '앤 해서웨이']",https://ssl.pstatic.net/imgmovie/mdi/mit110/1536/153675_P08_114501.jpg,https://movie.naver.com/movie/bi/mi/basic.nhn?code=153675,7.63
시카리오: 데이 오브 솔다도,122,20180627,미국,스테파노 솔리마,㈜코리아스크린,15세이상관람가,"['액션', '범죄', '드라마']","['조슈 브롤린', '베니치오 델 토로', '이사벨라 모너']",https://ssl.pstatic.net/imgmovie/mdi/mit110/1526/152680_P03_101446.jpg,https://movie.naver.com/movie/bi/mi/basic.nhn?code=152680,8.42
빅샤크: 매직체인지,73,20180627,중국,헤 질리,와이드 릴리즈(주),전체관람가,['애니메이션'],"['이제인', '장병관', '김사라']",https://ssl.pstatic.net/imgmovie/mdi/mit110/1753/175365_P12_104946.jpg,https://movie.naver.com/movie/bi/mi/basic.nhn?code=175365,7.02
미드나잇 선,91,20180621,미국,스콧 스피어,씨네그루(주)키다리이엔티,12세이상관람가,['멜로/로맨스'],"['벨라 손', '패트릭 슈왈제네거', '롭 리글']",https://ssl.pstatic.net/imgmovie/mdi/mit110/1434/143416_P10_111257.jpg,https://movie.naver.com/movie/bi/mi/basic.nhn?code=143416,8.79
독전,123,20180522,한국,이해영,(주)용필름,15세이상관람가,"['범죄', '액션']","['조진웅', '류준열', '김주혁']",https://ssl.pstatic.net/imgmovie/mdi/mit110/1581/158178_P57_114234.jpg,https://movie.naver.com/movie/bi/mi/basic.nhn?code=158178,7.53
명탐정 코난: 순흑의 악몽,111,20160803,일본,시즈노 코분,씨제이이앤엠(주),12세이상관람가,"['애니메이션', '미스터리', '어드벤처']",[],https://ssl.pstatic.net/imgmovie/mdi/mit110/1490/149049_P17_150439.jpg,https://movie.naver.com/movie/bi/mi/basic.nhn?code=149049,8.98
안시성,135,20180919,한국,김광식,(주)영화사수작,12세이상관람가,"['사극', '액션']","['이태진', '조인성', '신현숙']",https://ssl.pstatic.net/imgmovie/mdi/mit110/1635/163533_P99_105455.jpg,https://movie.naver.com/movie/bi/mi/basic.nhn?code=163533,8.00
협상,114,20180919,한국,이종석,(주)제이케이필름,15세이상관람가,['범죄'],"['현빈', '손예진', '김상호']",https://ssl.pstatic.net/imgmovie/mdi/mit110/1641/164106_P16_135532.jpg,https://movie.naver.com/movie/bi/mi/basic.nhn?code=164106,7.37
명당,126,20180919,한국,박희곤,(주)주피터필름,12세이상관람가,['사극'],"['조승우', '지성', '김성균']",https://ssl.pstatic.net/imgmovie/mdi/mit110/1629/162981_P72_153440.jpg,https://movie.naver.com/movie/bi/mi/basic.nhn?code=162981,7.07
원더풀 고스트,96,20180926,한국,조원희,(주)데이드림엔터테인먼트,12세이상관람가,"['코미디', '드라마', '범죄']","['마동석', '김영광', '이유영']",https://ssl.pstatic.net/imgmovie/mdi/mit110/1521/152156_P76_134247.jpg,https://movie.naver.com/movie/bi/mi/basic.nhn?code=152156,6.65
더 넌,96,20180919,미국,코린 하디,워너브러더스 코리아(주),15세이상관람가,['공포(호러)'],"['타이사 파미가', '데미안 비쉬어', '보니 아론스']",https://ssl.pstatic.net/imgmovie/mdi/mit110/1680/168049_P02_145901.jpg,https://movie.naver.com/movie/bi/mi/basic.nhn?code=168049,6.69
서치,102,20180829,미국,아니쉬 차간티,소니픽쳐스엔터테인먼트코리아주식회사극장배급지점,12세이상관람가,['드라마'],"['존 조', '데브라 메싱']",https://ssl.pstatic.net/imgmovie/mdi/mit110/1845/184543_P01_155230.png,https://movie.naver.com/movie/bi/mi/basic.nhn?code=184543,0.00
미쓰백,97,20181011,한국,이지원,영화사 배,15세이상관람가,['드라마'],"['한지민', '김시아', '이희준']",https://ssl.pstatic.net/imgmovie/mdi/mit110/1553/155356_P29_104216.jpg,https://movie.naver.com/movie/bi/mi/basic.nhn?code=155356,9.10
파이널 포트레이트,90,20180927,영국,스탠리 투치,(주)팝엔터테인먼트,15세이상관람가,['드라마'],"['제프리 러쉬', '아미 해머', '실비 테스튀']",https://ssl.pstatic.net/imgmovie/mdi/mit110/1561/156195_P18_180740.jpg,https://movie.naver.com/movie/bi/mi/basic.nhn?code=156195,7.86
암수살인,109,20181003,한국,김태균,(주)필름295,15세이상관람가,"['범죄', '드라마']","['김윤석', '주지훈', '문정희']",https://ssl.pstatic.net/imgmovie/mdi/mit110/1671/167105_P28_103614.jpg,https://movie.naver.com/movie/bi/mi/basic.nhn?code=167105,8.32
타샤 튜더,104,20180913,일본,마츠타니 미츠에,(주)마노엔터테인먼트,전체관람가,['다큐멘터리'],[],https://ssl.pstatic.net/imgmovie/mdi/mit110/1773/177335_P15_113822.jpg,https://movie.naver.com/movie/bi/mi/basic.nhn?code=177335,9.08
아쿠아맨,143,20181219,미국,제임스 완,워너브러더스 코리아(주),12세이상관람가,['액션'],"['제이슨 모모아', '앰버 허드', '니콜 키드먼']",https://ssl.pstatic.net/imgmovie/mdi/mit110/1511/151153_P19_095147.jpg,https://movie.naver.com/movie/bi/mi/basic.nhn?code=151153,8.35
PMC: 더 벙커,124,20181226,한국,김병우,(주)퍼펙트스톰필름,15세이상관람가,['액션'],"['하정우', '이선균', '제니퍼 엘']",https://ssl.pstatic.net/imgmovie/mdi/mit110/1660/166092_P35_104446.jpg,https://movie.naver.com/movie/bi/mi/basic.nhn?code=166092,5.22
보헤미안 랩소디,134,20181031,미국,브라이언 싱어,이십세기폭스코리아(주),12세이상관람가,['드라마'],"['라미 말렉', '조셉 마젤로', '마이크 마이어스']",https://ssl.pstatic.net/imgmovie/mdi/mit110/1564/156464_P49_182103.jpg,https://movie.naver.com/movie/bi/mi/basic.nhn?code=156464,9.42
범블비,113,20181225,미국,트래비스 나이트,롯데컬처웍스(주)롯데엔터테인먼트,12세이상관람가,"['액션', '어드벤처', 'SF']","['헤일리 스테인펠드', '파멜라 애들론', '존 시나']",https://ssl.pstatic.net/imgmovie/mdi/mit110/1641/164139_P12_153521.jpg,https://movie.naver.com/movie/bi/mi/basic.nhn?code=164139,8.08
언니,93,20190101,한국,임경택,필름에이픽쳐스,청소년관람불가,['액션'],"['이시영', '박세완', '이준혁']",https://ssl.pstatic.net/imgmovie/mdi/mit110/1846/184698_P01_110709.jpg,https://movie.naver.com/movie/bi/mi/basic.nhn?code=184698,3.00
스윙키즈,133,20181219,한국,강형철,(주)안나푸르나필름,12세이상관람가,['드라마'],"['도경수', '박혜수', '자레드 그라임스']",https://ssl.pstatic.net/imgmovie/mdi/mit110/1641/164101_P62_155759.jpg,https://movie.naver.com/movie/bi/mi/basic.nhn?code=164101,8.37
점박이 한반도의 공룡2 : 새로운 낙원,93,20181225,한국,한상호,(주)드림써치C&C,전체관람가,['애니메이션'],"['박희순', '라미란', '김성균']",https://ssl.pstatic.net/imgmovie/mdi/mit110/1803/180379_P32_111508.jpg,https://movie.naver.com/movie/bi/mi/basic.nhn?code=180379,9.14
그린치,89,20181219,미국,스콧 모시어,유니버설픽쳐스인터내셔널 코리아(유),전체관람가,"['애니메이션', '코미디']",['베네딕트 컴버배치'],https://ssl.pstatic.net/imgmovie/mdi/mit110/1506/150688_P30_101919.jpg,https://movie.naver.com/movie/bi/mi/basic.nhn?code=150688,8.33
극장판 짱구는 못말려: 아뵤! 쿵후 보이즈 ~라면 대란~,103,20181219,일본,타카하시 와타루,씨제이이앤엠(주),전체관람가,['애니메이션'],"['박영남', '강희선', '김환진']",https://ssl.pstatic.net/imgmovie/mdi/mit110/1729/172975_P10_141815.jpg,https://movie.naver.com/movie/bi/mi/basic.nhn?code=172975,8.31
마약왕,139,20181219,한국,우민호,(주)하이브미디어코프,청소년관람불가,"['범죄', '드라마']","['송강호', '조정석', '배두나']",https://ssl.pstatic.net/imgmovie/mdi/mit110/1572/157297_P23_134212.jpg,https://movie.naver.com/movie/bi/mi/basic.nhn?code=157297,6.37
돈,115,20190320,한국,박누리,(주)사나이픽처스,15세이상관람가,['범죄'],"['류준열', '유지태', '조우진']",https://ssl.pstatic.net/imgmovie/mdi/mit110/1815/181559_P04_111412.jpg,https://movie.naver.com/movie/bi/mi/basic.nhn?code=181559,8.50
어스,116,20190327,미국,조던 필,유니버설픽쳐스인터내셔널 코리아(유),15세이상관람가,"['공포(호러)', '스릴러']","['루피타 뇽', '윈스턴 듀크', '엘리자베스 모스']",https://ssl.pstatic.net/imgmovie/mdi/mit110/1814/181414_P24_174349.jpg,https://movie.naver.com/movie/bi/mi/basic.nhn?code=181414,7.02
장난스런 키스,122,20190327,대만,프랭키 첸,오드,12세이상관람가,['멜로/로맨스'],"['왕대륙', '임윤']",https://ssl.pstatic.net/imgmovie/mdi/mit110/1803/180381_P17_103533.jpg,https://movie.naver.com/movie/bi/mi/basic.nhn?code=180381,8.41
캡틴 마블,123,20190306,미국,애너 보든,월트디즈니컴퍼니코리아 유한책임회사,12세이상관람가,"['액션', '어드벤처', 'SF']","['브리 라슨', '사무엘 L. 잭슨', '벤 멘델슨']",https://ssl.pstatic.net/imgmovie/mdi/mit110/1326/132623_P22_133853.jpg,https://movie.naver.com/movie/bi/mi/basic.nhn?code=132623,6.74
덤보,111,20190327,미국,팀 버튼,월트디즈니컴퍼니코리아 유한책임회사,전체관람가,"['가족', '판타지']","['콜린 파렐', '마이클 키튼', '대니 드비토']",https://ssl.pstatic.net/imgmovie/mdi/mit110/1637/163787_P33_174808.jpg,https://movie.naver.com/movie/bi/mi/basic.nhn?code=163787,9.02
악질경찰,127,20190320,한국,이정범,청년필름(주),청소년관람불가,"['범죄', '드라마']","['이선균', '전소니', '박해준']",https://ssl.pstatic.net/imgmovie/mdi/mit110/1535/153580_P24_103637.jpg,https://movie.naver.com/movie/bi/mi/basic.nhn?code=153580,5.80
미성년,95,20190411,한국,김윤석,(주)영화사레드피터,15세이상관람가,['드라마'],"['염정아', '김소진', '김혜준']",https://ssl.pstatic.net/imgmovie/mdi/mit110/1717/171785_P84_181225.jpg,https://movie.naver.com/movie/bi/mi/basic.nhn?code=171785,8.33
콜레트,112,20190327,영국,워시 웨스트모어랜드,(주)넥스트엔터테인먼트월드(NEW),15세이상관람가,['드라마'],"['키이라 나이틀리', '도미닉 웨스트', '엘리너 톰린슨']",https://ssl.pstatic.net/imgmovie/mdi/mit110/1715/171533_P29_143351.jpg,https://movie.naver.com/movie/bi/mi/basic.nhn?code=171533,8.68
썬키스 패밀리,105,20190327,한국,김지혜,(주)영화사두둥,15세이상관람가,"['가족', '멜로/로맨스', '코미디']","['박희순', '진경', '황우슬혜']",https://ssl.pstatic.net/imgmovie/mdi/mit110/1526/152624_P34_161443.jpg,https://movie.naver.com/movie/bi/mi/basic.nhn?code=152624,6.04
더 길티,88,20190327,덴마크,구스타브 몰러,(주)팝엔터테인먼트,12세이상관람가,['스릴러'],['야곱 세데르그렌'],https://ssl.pstatic.net/imgmovie/mdi/mit110/1724/172448_P09_141546.jpg,https://movie.naver.com/movie/bi/mi/basic.nhn?code=172448,7.53
